frequency_hz,za_real_normalized,za_imag_normalized,spl_db,ze_ohm,excursion_peak_mm,phase_deg,ze_phase_deg
10,0.000044,0.066469,57.597827,6.196819,0.794362,165.438295,13.566974
10.144045,0.000045,0.067435,57.848724,6.202699,0.79415,165.227934,13.762005
10.290166,0.000047,0.068415,58.099692,6.208759,0.793932,165.014515,13.959826
10.438391,0.000048,0.06941,58.350733,6.215006,0.793708,164.797995,14.160479
10.588751,0.00005,0.070419,58.601851,6.221446,0.793477,164.578326,14.364001
10.741277,0.000051,0.071444,58.853046,6.228085,0.79324,164.355462,14.570434
10.896,0.000053,0.072483,59.104322,6.23493,0.792996,164.129356,14.779818
11.052951,0.000054,0.073538,59.355681,6.241987,0.792744,163.899959,14.992196
11.212164,0.000056,0.074609,59.607125,6.249263,0.792486,163.667223,15.207608
11.37367,0.000057,0.075696,59.858657,6.256766,0.79222,163.431097,15.426098
11.537502,0.000059,0.076799,60.110279,6.264504,0.791946,163.191532,15.647708
11.703695,0.000061,0.077918,60.361993,6.272483,0.791665,162.948476,15.872482
11.872281,0.000063,0.079054,60.613804,6.280713,0.791375,162.701877,16.100465
12.043295,0.000065,0.080207,60.865714,6.289201,0.791077,162.451681,16.331701
12.216773,0.000067,0.081377,61.117724,6.297957,0.790771,162.197836,16.566235
12.39275,0.000069,0.082565,61.36984,6.306989,0.790455,161.940287,16.804114
12.571262,0.000071,0.08377,61.622062,6.316307,0.790131,161.678977,17.045383
12.752345,0.000073,0.084994,61.874396,6.325921,0.789797,161.413851,17.29009
12.936037,0.000075,0.086236,62.126844,6.33584,0.789453,161.144852,17.538283
13.122374,0.000078,0.087497,62.379409,6.346076,0.7891,160.87192,17.79001
13.311396,0.00008,0.088776,62.632095,6.35664,0.788736,160.594997,18.045319
13.50314,0.000083,0.090075,62.884906,6.367542,0.788362,160.314023,18.30426
13.697647,0.000085,0.091394,63.137845,6.378795,0.787977,160.028935,18.566882
13.894955,0.000088,0.092732,63.390915,6.390411,0.787581,159.739673,18.833238
14.095105,0.00009,0.094091,63.644122,6.402403,0.787173,159.446172,19.103377
14.298139,0.000093,0.09547,63.897469,6.414785,0.786754,159.148369,19.377351
14.504097,0.000096,0.096871,64.150961,6.427569,0.786323,158.846198,19.655213
14.713021,0.000099,0.098292,64.4046,6.440772,0.785879,158.539592,19.937016
14.924955,0.000102,0.099736,64.658393,6.454408,0.785422,158.228484,20.222813
15.139942,0.000106,0.101201,64.912343,6.468493,0.784953,157.912805,20.512658
15.358026,0.000109,0.102689,65.166456,6.483043,0.784469,157.592485,20.806606
15.579251,0.000112,0.104199,65.420735,6.498075,0.783972,157.267453,21.104712
15.803663,0.000116,0.105733,65.675187,6.513608,0.783461,156.937636,21.407033
16.031307,0.000119,0.10729,65.929816,6.529661,0.782935,156.602961,21.713623
16.262231,0.000123,0.108871,66.184627,6.546252,0.782393,156.263352,22.024542
16.496481,0.000127,0.110477,66.439627,6.563402,0.781836,155.918734,22.339845
16.734105,0.000131,0.112107,66.69482,6.581133,0.781263,155.569029,22.65959
16.975152,0.000135,0.113762,66.950214,6.599467,0.780674,155.214157,22.983838
17.219671,0.00014,0.115444,67.205812,6.618427,0.780068,154.854039,23.312645
17.467712,0.000144,0.117151,67.461623,6.638039,0.779444,154.488592,23.646073
17.719326,0.000149,0.118885,67.717651,6.658327,0.778802,154.117734,23.98418
17.974565,0.000154,0.120646,67.973905,6.679318,0.778142,153.741378,24.327029
18.23348,0.000159,0.122435,68.23039,6.701041,0.777463,153.359439,24.674678
18.496125,0.000164,0.124252,68.487114,6.723525,0.776765,152.971828,25.02719
18.762553,0.000169,0.126097,68.744083,6.746801,0.776046,152.578456,25.384626
19.032818,0.000175,0.127972,69.001306,6.770902,0.775307,152.179232,25.747048
19.306977,0.000181,0.129876,69.25879,6.795862,0.774546,151.774062,26.114519
19.585085,0.000187,0.13181,69.516543,6.821717,0.773764,151.362851,26.487101
19.867199,0.000193,0.133775,69.774574,6.848505,0.772959,150.945502,26.864857
20.153377,0.000199,0.135772,70.032889,6.876266,0.772131,150.521918,27.247849
20.443677,0.000206,0.1378,70.2915,6.905041,0.77128,150.091997,27.636142
20.738158,0.000213,0.139861,70.550414,6.934875,0.770404,149.655636,28.029797
21.036882,0.00022,0.141956,70.80964,6.965815,0.769503,149.212731,28.428878
21.339908,0.000227,0.144084,71.069189,6.997909,0.768576,148.763176,28.833448
21.6473,0.000235,0.146246,71.329071,7.03121,0.767623,148.306861,29.243569
21.959119,0.000243,0.148444,71.589294,7.065772,0.766642,147.843675,29.659304
22.27543,0.000251,0.150677,71.849871,7.101655,0.765633,147.373505,30.080716
22.596297,0.00026,0.152947,72.110812,7.138918,0.764595,146.896235,30.507865
22.921786,0.000269,0.155255,72.372128,7.177628,0.763528,146.411747,30.940813
23.251963,0.000278,0.1576,72.633831,7.217853,0.76243,145.919919,31.379619
23.586897,0.000288,0.159985,72.895933,7.259667,0.761301,145.420629,31.824344
23.926655,0.000298,0.162409,73.158447,7.303147,0.76014,144.91375,32.275045
24.271307,0.000308,0.164873,73.421384,7.348377,0.758945,144.399153,32.731779
24.620924,0.000319,0.167379,73.684759,7.395444,0.757716,143.876706,33.194601
24.975577,0.000331,0.169927,73.948585,7.444442,0.756453,143.346274,33.663564
25.335338,0.000343,0.172519,74.212876,7.495471,0.755153,142.80772,34.138721
25.700282,0.000355,0.175154,74.477648,7.548638,0.753816,142.260903,34.62012
26.070482,0.000368,0.177835,74.742914,7.604057,0.752441,141.705677,35.107808
26.446016,0.000381,0.180561,75.00869,7.661849,0.751026,141.141894,35.601829
26.826958,0.000395,0.183335,75.274994,7.722145,0.749572,140.569404,36.102221
27.213388,0.00041,0.186156,75.541841,7.785085,0.748076,139.98805,36.60902
27.605384,0.000425,0.189028,75.809248,7.85082,0.746537,139.397674,37.12226
28.003026,0.000441,0.191949,76.077234,7.91951,0.744954,138.798113,37.641965
28.406397,0.000457,0.194922,76.345817,7.991329,0.743327,138.189198,38.168156
28.815578,0.000475,0.197948,76.615016,8.066465,0.741653,137.570759,38.700847
29.230652,0.000493,0.201028,76.884851,8.14512,0.739931,136.942618,39.240046
29.651706,0.000512,0.204163,77.155341,8.227511,0.73816,136.304595,39.78575
30.078825,0.000532,0.207356,77.42651,8.313875,0.736339,135.656503,40.337948
30.512097,0.000552,0.210606,77.698377,8.404469,0.734466,134.998152,40.896618
30.951609,0.000574,0.213916,77.970966,8.499569,0.73254,134.329344,41.461728
31.397452,0.000597,0.217287,78.2443,8.59948,0.730559,133.649878,42.033227
31.849718,0.000621,0.220721,78.518403,8.704531,0.728522,132.959544,42.611055
32.308498,0.000646,0.22422,78.793301,8.815081,0.726427,132.25813,43.19513
32.773887,0.000672,0.227784,79.069019,8.931525,0.724272,131.545413,43.78535
33.245979,0.0007,0.231417,79.345584,9.054294,0.722056,130.821166,44.381593
33.724872,0.000729,0.235119,79.623025,9.183863,0.719777,130.085155,44.983707
34.210663,0.000759,0.238894,79.901369,9.320753,0.717433,129.337136,45.591514
34.703452,0.000791,0.242742,80.180647,9.465541,0.715022,128.57686,46.204798
35.203338,0.000825,0.246666,80.46089,9.618864,0.712543,127.804067,46.823307
35.710426,0.000861,0.250668,80.742129,9.781429,0.709993,127.018491,47.446741
36.224818,0.000898,0.25475,81.024398,9.954022,0.707371,126.219855,48.07475
36.746619,0.000938,0.258916,81.307731,10.137521,0.704674,125.407872,48.706922
37.275937,0.000979,0.263167,81.592164,10.332907,0.7019,124.582246,49.342776
37.81288,0.001023,0.267506,81.877734,10.54128,0.699047,123.74267,49.981749
38.357556,0.00107,0.271936,82.164479,10.76388,0.696113,122.888824,50.623182
38.910079,0.001119,0.27646,82.452439,11.002108,0.693095,122.020378,51.266305
39.47056,0.001171,0.281082,82.741654,11.257554,0.689991,121.136987,51.910215
40.039115,0.001227,0.285803,83.032167,11.532028,0.686798,120.238294,52.553853
40.61586,0.001285,0.290628,83.324023,11.827598,0.683514,119.323927,53.195976
41.200912,0.001347,0.29556,83.617268,12.146644,0.680135,118.393497,53.835117
41.794392,0.001413,0.300604,83.911948,12.49191,0.67666,117.446603,54.469545
42.396421,0.001484,0.305762,84.208112,12.866582,0.673085,116.482821,55.097204
43.007121,0.001558,0.31104,84.505813,13.274376,0.669407,115.501712,55.715648
43.626619,0.001638,0.316442,84.805102,13.719654,0.665623,114.502817,56.321951
44.25504,0.001723,0.321973,85.106035,14.20757,0.66173,113.485655,56.912593
44.892513,0.001814,0.327638,85.408668,14.74425,0.657725,112.449722,57.483317
45.539168,0.001911,0.333442,85.71306,15.337036,0.653603,111.394491,58.028941
46.195138,0.002014,0.33939,86.019271,15.994794,0.649361,110.319408,58.543107
46.860558,0.002125,0.34549,86.327365,16.728323,0.644996,109.223893,59.017952
47.535562,0.002244,0.351747,86.637408,17.550901,0.640503,108.107334,59.44366
48.22029,0.002372,0.358169,86.949466,18.47902,0.635878,106.96909,59.807856
48.91488,0.00251,0.364763,87.263609,19.533388,0.631117,105.808483,60.094748
49.619476,0.002657,0.371536,87.579911,20.740315,0.626216,104.624799,60.283931
50.334221,0.002817,0.378498,87.898445,22.133659,0.621169,103.417286,60.348647
51.059262,0.002989,0.385658,88.219288,23.757575,0.615972,102.185146,60.25324
51.794747,0.003175,0.393025,88.54252,25.670456,0.610619,100.927539,59.949322
52.540826,0.003377,0.40061,88.868223,27.950583,0.605104,99.643571,59.369884
53.297652,0.003596,0.408425,89.196481,30.70417,0.599423,98.332297,58.420047
54.065379,0.003833,0.416482,89.527382,34.076353,0.593569,96.992713,56.96222
54.844166,0.004092,0.424794,89.861013,38.264402,0.587534,95.623752,54.792006
55.63417,0.004374,0.433376,90.197466,43.526744,0.581314,94.224278,51.599379
56.435554,0.004682,0.442244,90.536834,50.160591,0.574899,92.793083,46.910217
57.248482,0.005019,0.451415,90.879212,58.355222,0.568283,91.328876,40.019884
58.073119,0.005389,0.460908,91.224697,67.675874,0.561458,89.83028,30.015364
58.909635,0.005796,0.470744,91.573385,75.935656,0.554414,88.295825,16.22878
59.758201,0.006244,0.480945,91.925376,78.835914,0.547143,86.723935,-0.484705
60.61899,0.006738,0.491537,92.280767,73.96243,0.539634,85.112924,-17.047916
61.492178,0.007286,0.502547,92.639656,64.387924,0.531877,83.460984,-30.489613
62.377944,0.007894,0.514006,93.00214,54.374577,0.523861,81.766173,-40.0993
63.276469,0.008571,0.525948,93.368311,45.835775,0.515574,80.026409,-46.591001
64.187937,0.009326,0.538409,93.738261,39.025665,0.507003,78.239449,-50.869781
65.112534,0.010172,0.551434,94.112074,33.668392,0.498133,76.402883,-53.623057
66.050449,0.011122,0.565068,94.489827,29.427385,0.488952,74.514114,-55.311096
67.001875,0.012192,0.579364,94.871588,26.025734,0.479441,72.570348,-56.23428
67.967006,0.013403,0.594383,95.257412,23.25699,0.469585,70.568574,-56.590286
68.946038,0.014779,0.610193,95.647339,20.971204,0.459366,68.505546,-56.511744
69.939174,0.016347,0.62687,96.04139,19.059522,0.448764,66.37777,-56.08958
70.946615,0.018142,0.644502,96.439561,17.442185,0.43776,64.181483,-55.387389
71.968567,0.020208,0.663191,96.841817,16.059976,0.42633,61.912635,-54.450414
73.005241,0.022596,0.683052,97.248089,14.868316,0.414452,59.566879,-53.311269
74.056847,0.025371,0.70422,97.658261,13.833183,0.402103,57.139549,-51.993671
75.123601,0.028616,0.726851,98.072165,12.928282,0.389258,54.625656,-50.514943
76.205721,0.032431,0.751127,98.489569,12.133068,0.375892,52.019881,-48.887722
77.303429,0.036947,0.777264,98.910163,11.431329,0.361979,49.316578,-47.121175
78.416948,0.042333,0.805513,99.333548,10.810179,0.347496,46.509789,-45.221877
79.546508,0.048805,0.836174,99.759216,10.259323,0.332421,43.59327,-43.194482
80.692338,0.056648,0.869602,100.186538,9.770516,0.316733,40.560543,-41.04226
81.854673,0.066242,0.906221,100.614737,9.337165,0.300421,37.404968,-38.767554
83.033751,0.078097,0.946538,101.042876,8.954033,0.283478,34.119846,-36.3722
84.229813,0.092907,0.991155,101.469831,8.617024,0.265911,30.698567,-33.857947
85.443104,0.111638,1.040783,101.894274,8.323015,0.247747,27.134798,-31.226888
86.673872,0.135641,1.096247,102.314655,8.069748,0.229032,23.422726,-28.481948
87.922369,0.166849,1.158468,102.729191,7.855744,0.209853,19.55736,-25.627425
89.188849,0.208058,1.228382,103.135864,7.680255,0.190342,15.534888,-22.669608
90.473572,0.263365,1.30674,103.532424,7.543232,0.170706,11.35309,-19.617485
91.776802,0.338808,1.393595,103.916419,7.445322,0.151252,7.011781,-16.483524
93.098803,0.443217,1.487162,104.285239,7.387874,0.132445,2.513272,-13.284538
94.439848,0.588999,1.581327,104.636178,7.372963,0.114981,-2.137203,-10.042605
95.80021,0.791666,1.660721,104.96653,7.403428,0.099881,-6.931145,-6.786007
97.180167,1.064262,1.692723,105.273698,7.482909,0.088535,-11.856585,-3.550184
98.580001,1.398929,1.621385,105.555323,7.615889,0.08244,-16.898084,-0.378638
100,1.733509,1.385182,105.809418,7.80771,0.082418,-22.036984,2.676191
101.440453,1.944726,0.984552,106.034494,8.064535,0.087887,-27.251923,5.552116
102.901655,1.938605,0.535252,106.229661,8.393194,0.097182,-32.519612,8.176442
104.383905,1.750708,0.181893,106.394697,8.800795,0.108506,-37.815802,10.465338
105.887506,1.491886,-0.022576,106.530068,9.293904,0.120464,-43.116364,12.323537
107.412766,1.244283,-0.106841,106.636899,9.876973,0.132109,-48.39835,13.644969
108.959997,1.038963,-0.117663,106.716906,10.549575,0.142835,-53.640948,14.315577
110.529514,0.878324,-0.089833,106.772282,11.301959,0.152269,-58.82622,14.220601
112.12164,0.755171,-0.043763,106.805576,12.108848,0.160199,-63.939588,13.259773
113.736699,0.661111,0.009746,106.819551,12.9228,0.166526,-68.970048,11.373879
115.375023,0.589089,0.06531,106.817068,13.671245,0.171233,-73.910141,8.582406
117.036946,0.53376,0.120401,106.800964,14.264199,0.174357,-78.755731,5.0215
118.722808,0.491223,0.173956,106.773976,14.61741,0.175976,-83.505649,0.957522
120.432955,0.458672,0.22565,106.738665,14.683861,0.176191,-88.161261,-3.249455
122.167735,0.434098,0.27552,106.697385,14.47334,0.175119,-92.726013,-7.229166
123.927504,0.416068,0.323777,106.652252,14.044827,0.172884,-97.204996,-10.689323
125.712621,0.403576,0.370702,106.60514,13.479011,0.169611,-101.604542,-13.461696
127.523453,0.395927,0.416595,106.557682,12.85139,0.165423,-105.931878,-15.495817
129.360368,0.392673,0.461754,106.511288,12.218394,0.160441,-110.194839,-16.823225
131.223743,0.393564,0.506456,106.467151,11.615679,0.154779,-114.401635,-17.518775
133.11396,0.398517,0.550948,106.426275,11.062424,0.148547,-118.560672,-17.672309
135.031404,0.407603,0.595441,106.389485,10.56679,0.141851,-122.680418,-17.372305
136.976468,0.421038,0.640094,106.357451,10.130408,0.134794,-126.7693,-16.69834
138.949549,0.439191,0.685001,106.330704,9.751447,0.127478,-130.835639,-15.718734
140.951052,0.462592,0.730159,106.309646,9.426517,0.120004,-134.887606,-14.49083
142.981386,0.491943,0.775431,106.294566,9.151765,0.112479,-138.933185,-13.062385
145.040966,0.528132,0.820481,106.285652,8.923471,0.105015,-142.980164,-11.473285
147.130213,0.572244,0.864685,106.282993,8.738346,0.097733,-147.03612,-9.757239
149.249555,0.625539,0.906996,106.286592,8.593674,0.090769,-151.108408,-7.943317
151.399424,0.689388,0.945768,106.296367,8.487352,0.084274,-155.204163,-6.057298
153.580262,0.765122,0.978526,106.312154,8.417902,0.078415,-159.330281,-4.122852
155.792513,0.853704,1.001712,106.33371,8.38445,0.073371,-163.493408,-2.162602
158.036631,0.955166,1.010494,106.360713,8.386702,0.06932,-167.69992,-0.199091
160.313075,1.067719,0.998814,106.392764,8.424909,0.066413,-171.955891,1.744291
162.622309,1.186608,0.960028,106.429384,8.499831,0.064745,-176.267056,3.642401
164.964807,1.303104,0.888509,106.470021,8.612666,0.064323,179.36124,5.467435
167.341048,1.404523,0.782315,106.514046,8.764955,0.065056,174.924103,7.18802
169.751517,1.47636,0.646098,106.560757,8.958409,0.066771,170.417157,8.768334
172.196708,1.506727,0.492233,106.609388,9.194632,0.069239,165.836625,10.167349
174.677121,1.491145,0.338351,106.65911,9.474663,0.072219,161.17941,11.338363
177.193263,1.434487,0.201821,106.709051,9.798267,0.075478,156.443184,12.22914
179.745648,1.348594,0.094494,106.758302,10.162877,0.078805,151.626466,12.783183
182.3348,1.247473,0.020715,106.805942,10.562131,0.082022,146.728701,12.9429
184.961247,1.143212,-0.021316,106.851054,10.984071,0.084976,141.750311,12.655664
187.625527,1.044166,-0.036751,106.892758,11.409372,0.087545,136.692723,11.883646
190.328185,0.955036,-0.031659,106.930233,11.810439,0.089627,131.55837,10.617519
193.069773,0.877822,-0.011601,106.962753,12.152727,0.091147,126.350641,8.891979
195.850852,0.812851,0.018933,106.989713,12.399594,0.092049,121.073793,6.797836
198.671992,0.759582,0.056576,107.010659,12.520629,0.092298,115.732807,4.482916
201.533769,0.717126,0.098921,107.025311,12.500759,0.091881,110.333203,2.135809
204.436768,0.684543,0.144294,107.033586,12.345558,0.090803,104.880812,-0.045699
207.381584,0.661002,0.191546,107.035603,12.079542,0.089092,99.381519,-1.890188
210.368818,0.645859,0.239881,107.031689,11.738522,0.086793,93.840982,-3.278141
213.399082,0.638685,0.288719,107.02237,11.360318,0.083972,88.264359,-4.150066
216.472995,0.639274,0.33758,107.008354,10.977879,0.080712,82.656039,-4.499532
219.591187,0.647643,0.385989,106.990507,10.616179,0.077115,77.019408,-4.358661
222.754295,0.664017,0.433377,106.969821,10.292159,0.0733,71.356655,-3.783023
225.962966,0.688801,0.478973,106.947372,10.016214,0.069401,65.668623,-2.839705
229.217857,0.722535,0.521684,106.924285,9.794104,0.065568,59.954724,-1.59946
232.519632,0.765783,0.559947,106.901687,9.628658,0.061961,54.212898,-0.132404
235.868968,0.818956,0.591574,106.880667,9.521067,0.058744,48.439638,1.493742
239.26655,0.881983,0.613625,106.862233,9.471761,0.056073,42.630056,3.213757
242.713072,0.953824,0.622397,106.847274,9.480932,0.05408,36.778004,4.964036
246.20924,1.03181,0.613696,106.836529,9.548761,0.052849,30.876235,6.681191
249.755769,1.110967,0.583612,106.830552,9.675381,0.0524,24.916597,8.300472
253.353383,1.183751,0.529936,106.829689,9.860534,0.052678,18.890276,9.754368
257.00282,1.240792,0.45398,106.83406,10.102887,0.053566,12.788056,10.97183
260.704825,1.273087,0.361907,106.843544,10.398875,0.054905,6.600627,11.878818
264.460155,1.275101,0.264297,106.857777,10.741018,0.056515,0.318906,12.401245
268.26958,1.24709,0.173471,106.876155,11.115746,0.058217,-6.065617,12.471732
272.133877,1.195025,0.099798,106.897856,11.501196,0.059847,-12.560524,12.041585
276.053838,1.128178,0.049131,106.921869,11.866112,0.061263,-19.172126,11.098289
280.030263,1.05604,0.022501,106.947035,12.171709,0.062347,-25.905151,9.685582
284.063968,0.986219,0.017501,106.972113,12.37826,0.063009,-32.762497,7.918163
288.155776,0.923777,0.03009,106.995847,12.455972,0.063186,-39.745073,5.979419
292.306525,0.871547,0.055964,107.017046,12.395768,0.062846,-46.851778,4.094502
296.517063,0.830822,0.091268,107.034672,12.213609,0.061988,-54.079623,2.484497
300.788252,0.802009,0.132816,107.047916,11.945311,0.060646,-61.424025,1.320789
305.120965,0.785112,0.178023,107.056264,11.635305,0.058885,-68.879264,0.698612
309.51609,0.78003,0.224709,107.059543,11.325822,0.056806,-76.439055,0.635313
313.974523,0.78669,0.270846,107.057937,11.050652,0.054543,-84.097222,1.085468
318.497179,0.805048,0.31431,107.051968,10.833656,0.052255,-91.848365,1.96119
323.084981,0.834954,0.352633,107.042458,10.690085,0.050118,-99.688486,3.149635
327.738869,0.875851,0.382813,107.030446,10.628754,0.048305,-107.615477,4.524877
332.459793,0.926284,0.401281,107.017104,10.653825,0.046961,-115.629443,5.954663
337.24872,0.983245,0.404183,107.003633,10.765659,0.046181,-123.732818,7.303959
342.10663,1.041566,0.388224,106.991163,10.960485,0.04598,-131.930278,8.437727
347.034515,1.093831,0.352151,106.980671,11.228825,0.046294,-140.228464,9.225675
352.033384,1.13148,0.298465,106.972905,11.552841,0.046992,-148.635565,9.552085
357.10426,1.147327,0.234261,106.968347,11.903437,0.047905,-157.1608,9.333546
362.248179,1.138494,0.169964,106.967187,12.239149,0.048851,-165.813863,8.545007
367.466194,1.107823,0.116102,106.969339,12.510108,0.049664,-174.604386,7.24801
372.759372,1.062658,0.079966,106.974462,12.669521,0.050208,176.458527,5.605552
378.128796,1.011943,0.064166,106.982012,12.690148,0.050389,167.366663,3.864206
383.575563,0.963609,0.067316,106.99129,12.576621,0.050157,158.112932,2.297948
389.100789,0.923356,0.085715,107.001499,12.364523,0.049514,148.691484,1.135403
394.705603,0.89465,0.114821,107.011789,12.106816,0.048514,139.097732,0.506125
400.391152,0.879264,0.150057,107.021292,11.857209,0.047258,129.328341,0.425597
406.158599,0.877814,0.187039,107.029157,11.659027,0.045889,119.381224,0.811764
412.009123,0.890019,0.221467,107.034575,11.541233,0.044575,109.255597,1.514108
417.943921,0.914597,0.248981,107.03682,11.518535,0.043484,98.952078,2.341586
423.964207,0.948848,0.265235,107.035319,11.59209,0.042747,88.472772,3.086278
430.071212,0.988113,0.266499,107.029739,11.748838,0.042423,77.821221,3.546909
436.266186,1.02562,0.250945,107.020105,11.95966,0.042485,67.00206,3.558876
442.550395,1.053441,0.220296,107.006914,12.17897,0.042818,56.020233,3.034083
448.925126,1.064924,0.180702,106.991201,12.35056,0.04326,44.879719,2.002691
455.391681,1.057624,0.141486,106.974526,12.42328,0.043637,33.581851,0.632268
461.951385,1.034661,0.111841,106.958818,12.372123,0.043805,22.123537,-0.805341
468.605578,1.003324,0.097516,106.946079,12.210861,0.043674,10.495824,-2.021769
475.355621,0.972073,0.099534,106.93794,11.985534,0.043226,-1.316615,-2.811963
482.202895,0.948022,0.115033,106.935157,11.754098,0.042513,-13.334531,-3.112711
489.148802,0.93583,0.138856,106.937145,11.566676,0.041653,-25.581328,-3.003458
496.19476,0.937576,0.164803,106.94171,11.454421,0.040803,-38.07846,-2.6699
503.342213,0.952792,0.186355,106.945165,11.42525,0.040125,-50.839634,-2.353889
510.592621,0.978216,0.197339,106.942948,11.462129,0.039735,-63.865201,-2.296009
517.947468,1.007481,0.193214,106.930772,11.523542,0.039657,-77.138897,-2.666249
525.408258,1.031686,0.173187,106.90608,11.551434,0.039809,-90.629246,-3.489455
532.976517,1.042002,0.142138,106.869325,11.492237,0.040028,-104.296895,-4.60382
540.653794,1.033906,0.110078,106.824518,11.324538,0.040132,-118.106947,-5.705985
548.441658,1.010089,0.08804,106.778582,11.072233,0.039981,-132.042729,-6.484543
556.341702,0.979242,0.082988,106.7395,10.790383,0.03952,-146.116127,-6.759257
564.355543,0.951837,0.095508,106.713665,10.537315,0.038792,-160.370073,-6.540274
572.48482,0.936396,0.12086,106.703129,10.353634,0.03793,-174.870726,-6.002279
580.731195,0.93784,0.151165,106.703643,10.253262,0.037124,170.310842,-5.418557
589.096355,0.957026,0.177049,106.704427,10.220365,0.036561,155.124774,-5.080351
597.582011,0.99008,0.188963,106.690551,10.209594,0.036344,139.569326,-5.19463
606.189899,1.02751,0.179611,106.648092,10.157449,0.036432,123.706009,-5.767279
614.92178,1.055157,0.148334,106.570596,10.012985,0.036639,107.649156,-6.548137
623.77944,1.059868,0.104865,106.463646,9.772117,0.036725,91.525847,-7.138794
632.76469,1.038116,0.066657,106.344452,9.480283,0.036506,75.42087,-7.220628
641.879368,0.999248,0.049039,106.235944,9.200103,0.035922,59.333418,-6.711657
651.125339,0.959349,0.057091,106.157833,8.978892,0.035047,43.16581,-5.757519
660.504493,0.932703,0.085669,106.117972,8.836316,0.034052,26.748657,-4.634781
670.01875,0.927693,0.123881,106.106747,8.764126,0.03316,9.896971,-3.651966
679.670056,0.946326,0.158627,106.096986,8.727829,0.032561,-7.512452,-3.050291
689.460384,0.983811,0.176634,106.05221,8.674465,0.032316,-25.464942,-2.881586
699.391737,1.027305,0.167886,105.943375,8.558365,0.03229,-43.779795,-2.926999
709.466146,1.057537,0.132362,105.766603,8.3746,0.032228,-62.176902,-2.80092
719.685673,1.058426,0.085118,105.548687,8.161998,0.031906,-80.421706,-2.216087
730.052407,1.029787,0.04951,105.334569,7.970122,0.031253,-98.455902,-1.148217
740.568469,0.987998,0.041189,105.165111,7.829831,0.030346,-116.432728,0.217146
751.23601,0.953503,0.059983,105.05755,7.746512,0.029353,-134.652771,1.619525
762.057212,0.940065,0.094296,104.995337,7.704077,0.028464,-153.436433,2.830616
773.034288,0.951836,0.128169,104.93124,7.671081,0.027808,-172.966174,3.743341
784.169484,0.98332,0.146,104.808337,7.614505,0.027378,166.844161,4.446573
795.465078,1.019453,0.137812,104.594874,7.522504,0.027014,146.341384,5.190533
806.923378,1.040208,0.106842,104.308842,7.413837,0.026527,125.924278,6.195137
818.546731,1.033621,0.071554,104.007356,7.318932,0.025835,105.772748,7.487819
830.337512,1.006453,0.053072,103.748815,7.256469,0.024985,85.736271,8.93153
842.298134,0.977971,0.059109,103.557378,7.226535,0.0241,65.436586,10.347983
854.431043,0.964941,0.081489,103.408398,7.214986,0.023297,44.494561,11.617176
866.738721,0.972975,0.104096,103.241548,7.202337,0.022628,22.775788,12.737923
879.223685,0.995027,0.111828,103.002,7.177144,0.022041,0.51184,13.827307
891.888489,1.014615,0.099395,102.685877,7.145289,0.021429,-21.86197,15.017893
904.735724,1.016632,0.07707,102.345161,7.122494,0.020729,-44.07502,16.336508
917.768017,1.001111,0.063535,102.0428,7.118831,0.019964,-66.250245,17.701017
930.988035,0.983386,0.06867,101.800063,7.132101,0.019208,-88.795573,19.007532
944.39848,0.979522,0.08565,101.577092,7.151353,0.018524,-112.064199,20.211837
958.002097,0.993409,0.097688,101.303765,7.166361,0.017911,-136.019165,21.362573
971.801667,1.013097,0.091078,100.947458,7.177673,0.017308,-160.211877,22.552228
985.800014,1.018664,0.068659,100.553699,7.195647,0.016661,175.792991,23.814662
1000,1.001986,0.050998,100.206062,7.228553,0.015977,151.956735,25.093739
1014.40453,0.977888,0.055897,99.945171,7.274878,0.015309,127.764959,26.306539
1029.016551,0.96938,0.079718,99.722072,7.324986,0.014709,102.678621,27.417565
1043.839051,0.986625,0.10106,99.430507,7.369488,0.014179,76.704254,28.476065
1058.875063,1.017159,0.097409,99.014731,7.409766,0.013662,50.52582,29.571655
1074.127661,1.031551,0.066933,98.544164,7.456696,0.01311,24.831116,30.72887
1089.599965,1.01251,0.037926,98.146784,7.517526,0.012531,-0.449264,31.886754
1105.295141,0.978752,0.039369,97.88008,7.589525,0.011973,-26.094944,32.972601
1121.216399,0.96345,0.068292,97.668684,7.663325,0.011475,-52.872364,33.965746
1137.366994,0.981109,0.096228,97.364017,7.73141,0.011034,-80.714434,34.919415
1153.750232,1.015695,0.09437,96.907346,7.797075,0.010602,-108.658134,35.906072
1170.369462,1.030884,0.062097,96.409274,7.869978,0.010148,-135.94604,36.927228
1187.228084,1.009923,0.034815,96.018187,7.953762,0.009689,-162.908148,37.925791
1204.329547,0.979233,0.040909,95.757429,8.04382,0.009257,169.452444,38.858668
1221.677349,0.972522,0.06852,95.502156,8.132983,0.008869,140.544589,39.735296
1239.275037,0.994119,0.084788,95.120795,8.219432,0.008508,110.891942,40.604745
1257.126212,1.016761,0.071362,94.644399,8.308682,0.008147,81.466662,41.49143
1275.234525,1.012838,0.047299,94.21649,8.405045,0.007784,52.373413,42.368825
1293.60368,0.992424,0.043746,93.896445,8.506605,0.007438,22.800816,43.206381
1312.237433,0.985542,0.059338,93.592625,8.608993,0.007117,-7.846016,44.00709
1331.139597,0.998442,0.067389,93.201319,8.711424,0.006815,-39.153217,44.797558
1350.314038,1.007761,0.055904,92.76538,8.8172,0.006517,-70.41042,45.58594
1369.764677,0.997905,0.045896,92.394642,8.927731,0.006228,-101.794336,46.354058
1389.495494,0.988157,0.055119,92.077097,9.040567,0.005956,-134.045318,47.092112
1409.510524,0.998652,0.065997,91.69464,9.153843,0.005701,-167.157265,47.814975
1429.813862,1.013343,0.054494,91.23811,9.269698,0.005452,159.7174,48.535451
1450.409659,1.003145,0.03565,90.845908,9.390282,0.005209,126.733813,49.240939
1471.302129,0.981759,0.043185,90.561705,9.513762,0.004979,92.923348,49.917115
1492.495545,0.986614,0.066997,90.228289,9.637284,0.004766,57.827867,50.574199
1513.994242,1.013918,0.065593,89.748505,9.762209,0.00456,22.541478,51.23135
1535.802619,1.017127,0.035999,89.287807,9.891782,0.004357,-12.13651,51.881732
1557.925134,0.988489,0.02861,88.990669,10.025234,0.004163,-47.233512,52.507166
1580.366314,0.978265,0.055022,88.715136,10.159357,0.003983,-83.874996,53.110183
1603.130749,1.003623,0.067721,88.271113,10.294176,0.003812,-121.199064,53.709595
1626.223094,1.018582,0.043376,87.782967,10.432798,0.003644,-157.917184,54.305587
1649.648074,0.99711,0.028046,87.445715,10.575314,0.003482,165.21074,54.883172
1673.41048,0.983603,0.046208,87.159031,10.719277,0.003331,126.908805,55.441928
1697.515172,1.000179,0.057382,86.741715,10.864528,0.003187,87.794994,55.994297
1721.967081,1.009149,0.041872,86.295548,11.013059,0.003047,48.910705,56.540288
1746.771208,0.996045,0.036222,85.952852,11.164651,0.002914,9.526344,57.071637
1771.932627,0.995336,0.046799,85.598855,11.318015,0.002787,-31.02684,57.590953
1797.456484,1.004481,0.042327,85.175398,11.47382,0.002666,-71.937932,58.103463
1823.348001,0.995938,0.035315,84.814119,11.632685,0.002549,-113.150013,58.605074
1849.612473,0.992969,0.047488,84.471116,11.793624,0.002439,-155.531217,59.09507
1876.255272,1.009298,0.04571,84.025098,11.956857,0.002333,161.593185,59.578991
1903.281848,1.002822,0.026675,83.633449,12.123443,0.002231,118.856363,60.054064
1930.697729,0.984405,0.038124,83.348949,12.292452,0.002134,74.921714,60.516431
1958.508523,1.001605,0.054304,82.93226,12.463279,0.002042,29.828427,60.972221
1986.719919,1.01438,0.03167,82.462386,12.637387,0.001953,-14.769518,61.422659
2015.337686,0.989614,0.024916,82.167177,12.814615,0.001868,-59.888674,61.861531
2044.367679,0.990437,0.048848,81.829669,12.993739,0.001788,-106.720048,62.291633
2073.815835,1.012129,0.040601,81.350447,13.175679,0.001711,-153.553609,62.717356
2103.688178,0.998791,0.024582,80.996129,13.360967,0.001636,159.578586,63.134221
2133.990819,0.991497,0.03932,80.673149,13.548639,0.001566,111.167969,63.542262
2164.729954,1.00465,0.038201,80.240253,13.739055,0.001498,62.242196,63.944914
2195.911873,0.998389,0.030603,79.874333,13.932629,0.001433,12.977081,64.34005
2227.542952,0.999436,0.037296,79.503241,14.12889,0.001372,-37.49196,64.727996
2259.629662,1.002059,0.028852,79.100996,14.328208,0.001312,-88.331029,65.109938
2292.178566,0.992008,0.034307,78.77271,14.5305,0.001256,-140.155499,65.484411
2325.196322,1.006454,0.039301,78.344109,14.735597,0.001202,167.033667,65.853336
2358.689683,1.001419,0.020784,77.957835,14.944087,0.00115,114.322735,66.216145
2392.6655,0.988343,0.036597,77.658607,15.15547,0.001101,60.064129,66.571644
2427.130723,1.010443,0.037368,77.191959,15.369848,0.001053,5.149622,66.922568
2462.092401,0.997853,0.018795,76.837858,15.587756,0.001008,-49.622838,67.267222
2497.557686,0.992259,0.038016,76.512563,15.808589,0.000965,-106.218449,67.605497
2533.533832,1.008402,0.029873,76.057688,16.03273,0.000923,-163.049358,67.939261
2570.028197,0.994932,0.024937,75.728748,16.260309,0.000884,139.503289,68.266862
2607.048246,1.000479,0.032692,75.340114,16.491068,0.000846,80.684133,68.589274
2644.601552,0.998852,0.026536,74.961584,16.725328,0.00081,21.429972,68.906541
2682.695795,1.001619,0.031015,74.579648,16.962954,0.000775,-39.049857,69.218593
2721.338768,0.998552,0.021936,74.203493,17.204153,0.000742,-100.006895,69.525705
2760.538375,0.996513,0.034674,73.852407,17.448783,0.00071,-162.454373,69.827641
2800.302634,1.007555,0.02174,73.413668,17.697062,0.00068,134.822797,70.125224
2840.639679,0.989592,0.026572,73.118303,17.948993,0.000651,71.015067,70.417499
2881.557759,1.00813,0.031406,72.670982,18.204496,0.000623,6.051351,70.705599
2923.065245,0.995311,0.018116,72.331445,18.46389,0.000596,-59.021014,70.988932
2965.170628,1.000037,0.032524,71.953648,18.726924,0.000571,-125.900026,71.267772
3007.882518,1.001106,0.020566,71.558921,18.993896,0.000547,167.027549,71.542393
3051.209653,0.998932,0.02683,71.199773,19.26471,0.000523,98.482787,71.812559
3095.160895,0.998317,0.023149,70.822305,19.539498,0.000501,29.167992,72.078589
3139.745234,1.003274,0.026224,70.429486,19.818259,0.00048,-41.418933,72.340488
3184.97179,0.995009,0.019472,70.080802,20.101131,0.000459,-112.66649,72.598273
3230.849813,1.004279,0.029755,69.677911,20.388045,0.00044,174.475037,72.852119
3277.388687,0.996244,0.015355,69.320175,20.679223,0.000421,101.440858,73.10204
3324.597932,1.001794,0.030533,68.938149,20.974546,0.000403,26.503427,73.348082
3372.487204,0.99874,0.015639,68.559742,21.274242,0.000386,-48.547631,73.590411
3421.066299,1.00025,0.026818,68.19021,21.578232,0.000369,-125.414365,73.828966
3470.345152,0.999138,0.019536,67.812211,21.886679,0.000354,157.131531,74.063925
3520.333844,1.000836,0.020887,67.431445,22.199586,0.000339,78.251741,74.295291
3571.0426,0.998354,0.024343,67.070413,22.517038,0.000324,-1.844743,74.523117
3622.481792,1.001063,0.015375,66.674988,22.839113,0.000311,-82.803365,74.747539
3674.661941,0.99927,0.027413,66.319525,23.165833,0.000297,-165.461558,74.968499
3727.59372,0.998927,0.013116,65.932222,23.497332,0.000285,111.485793,75.186182
3781.287957,1.002002,0.025996,65.556887,23.833596,0.000273,26.52527,75.400542
3835.755635,0.996938,0.015936,65.194244,24.174775,0.000261,-58.914855,75.611691
3891.007893,1.001919,0.020472,64.802801,24.520874,0.00025,-146.064288,75.819675
3947.056035,0.999983,0.019874,64.435881,24.872001,0.000239,125.672787,76.024529
4003.911523,0.996788,0.01828,64.073508,25.228218,0.000229,36.11744,76.226315
4061.585988,1.004593,0.016791,63.66458,25.58959,0.00022,-54.820021,76.425111
4120.091227,0.995996,0.023108,63.332188,25.956197,0.00021,-147.158226,76.620895
4179.439206,1.000389,0.011982,62.929369,26.328125,0.000201,119.663933,76.813809
4239.642065,1.002378,0.022036,62.555248,26.70542,0.000193,24.629095,77.003828
4300.712118,0.997108,0.016696,62.198994,27.088195,0.000185,-71.275881,77.191024
4362.661857,0.999989,0.016835,61.812597,27.476503,0.000177,-168.79915,77.375454
4425.503952,1.00136,0.015236,61.431262,27.870433,0.000169,92.269035,77.55715
4489.251258,1.000816,0.021091,61.064063,28.27006,0.000162,-8.321347,77.736151
4553.916814,0.994939,0.014285,60.709729,28.67548,0.000155,-109.945247,77.912507
4619.513847,1.004454,0.013684,60.294592,29.086756,0.000149,146.783084,78.086277
4686.055775,0.999758,0.020057,59.94545,29.503982,0.000143,41.968552,78.257465
4753.556208,0.998306,0.015103,59.573953,29.927249,0.000137,-64.044291,78.426142
4822.028953,0.999025,0.015864,59.197503,30.356634,0.000131,-171.811322,78.592339
4891.488015,0.999685,0.012261,58.81807,30.79223,0.000125,78.934781,78.756095
4961.947603,1.004397,0.016314,58.427045,31.234119,0.00012,-32.131766,78.917449
5033.422128,0.997574,0.019265,58.084433,31.6824,0.000115,-144.646842,79.076428
5105.92621,0.996957,0.01238,57.708419,32.137165,0.00011,101.543996,79.233087
5179.474679,1.001113,0.013355,57.317534,32.598499,0.000105,-14.134055,79.387455
5254.08258,0.999513,0.013653,56.950861,33.066502,0.000101,-131.48328,79.539562
5329.765172,1.002412,0.012453,56.563907,33.541268,0.000097,109.438318,79.68945
5406.537936,1.002571,0.017347,56.192741,34.022893,0.000093,-11.510885,79.837148
5484.416576,0.996957,0.016787,55.842817,34.511479,0.000089,-133.949041,79.982691
5563.417021,0.99753,0.012035,55.463638,35.007125,0.000085,102.008418,80.126117
5643.555431,1.000059,0.012843,55.079697,35.50993,0.000081,-23.99947,80.267454
5724.848197,0.998047,0.013197,54.714997,36.019998,0.000078,-151.858111,80.406734
5807.311946,0.99844,0.009724,54.337552,36.537434,0.000075,78.505611,80.543991
5890.963548,1.002399,0.009657,53.947012,37.062342,0.000071,-53.058985,80.679254
5975.820111,1.002871,0.012985,53.573532,37.594831,0.000068,173.48028,80.812552
6061.898993,1.000306,0.013212,53.211192,38.13501,0.000066,38.207785,80.943915
6149.217802,1.000395,0.010803,52.835934,38.68299,0.000063,-99.015027,81.073376
6237.794396,1.002876,0.010657,52.451764,39.238881,0.00006,121.669041,81.20096
6327.646895,1.003454,0.012883,52.07713,39.802797,0.000058,-19.661668,81.326697
6418.793677,1.001455,0.013737,51.712775,40.374856,0.000055,-162.900468,81.450613
6511.253386,0.999873,0.011912,51.345206,40.955173,0.000053,51.868355,81.572738
6605.044933,1.00046,0.00953,50.968016,41.543866,0.000051,-95.520127,81.693097
6700.187504,1.002022,0.008702,50.587518,42.141057,0.000049,114.901289,81.811718
6796.700558,1.002535,0.00945,50.212421,42.746867,0.000046,-36.79797,81.928625
6894.603838,1.001285,0.010552,49.845089,43.361421,0.000045,169.367686,82.043844
6993.917368,0.999082,0.011171,49.481622,43.984844,0.000043,13.284767,82.157402
7094.661463,0.997307,0.011347,49.116115,44.617263,0.000041,-145.093778,82.269321
7196.85673,0.996992,0.011344,48.744225,45.258809,0.000039,54.292567,82.379628
7300.524071,0.998274,0.010975,48.365265,45.909611,0.000037,-108.552954,82.488346
7405.684692,1.000178,0.009762,47.983236,46.569804,0.000036,86.251917,82.595498
7512.360102,1.001073,0.007939,47.605292,47.239523,0.000034,-81.372538,82.701108
7620.572122,1.000277,0.007025,47.235107,47.918904,0.000033,108.599124,82.805198
7730.342884,0.999407,0.00816,46.866261,48.608086,0.000032,-63.857016,82.907791
7841.694843,1.00051,0.009698,46.489063,49.30721,0.00003,121.160666,83.008908
7954.650775,1.002228,0.008869,46.108134,50.01642,0.000029,-56.344196,83.108573
8069.233784,1.001323,0.007107,45.73811,50.73586,0.000028,123.671506,83.206805
8185.467307,0.999685,0.008066,45.372511,51.465678,0.000027,-58.910885,83.303626
8303.37512,1.001025,0.009006,44.994038,52.206023,0.000025,115.820015,83.399057
8422.981339,1.001205,0.006812,44.619215,52.957046,0.000024,-72.072021,83.493119
8544.310429,0.998718,0.007128,44.257035,53.7189,0.000023,97.338349,83.58583
8667.387209,0.99967,0.008578,43.880473,54.491743,0.000022,-96.008721,83.677212
8792.236851,0.999134,0.006964,43.509066,55.275731,0.000021,67.87597,83.767283
8918.884894,0.997752,0.009312,43.142964,56.071026,0.000021,-131.160605,83.856063
9047.357242,1.000263,0.009361,42.759072,56.877789,0.00002,27.069223,83.943571
9177.680175,0.999307,0.009148,42.390091,57.696186,0.000019,-177.639093,84.029825
9309.880348,1.002009,0.009116,42.005376,58.526385,0.000018,-25.34663,84.114843
9443.984802,1.000176,0.006536,41.639304,59.368555,0.000017,124.12003,84.198644
9580.020968,1.000343,0.007308,41.265888,60.222868,0.000017,-89.560527,84.281244
9718.016671,0.997936,0.007289,40.903323,61.089499,0.000016,53.649839,84.362663
9858.000137,1.000657,0.009082,40.519205,61.968626,0.000015,-166.254394,84.442916
10000,1.000232,0.007989,40.147684,62.860428,0.000015,-29.228819,84.522021
10144.045304,1.000872,0.005693,39.771131,63.765087,0.000014,104.549885,84.599995
10290.165513,0.998711,0.008131,39.408399,64.682789,0.000013,-124.991061,84.676853
10438.390514,0.999645,0.007713,39.031261,65.613722,0.000013,2.242253,84.752612
10588.750628,1.001726,0.006353,38.648856,66.558075,0.000012,126.08525,84.827288
10741.276608,0.998789,0.007314,38.288966,67.516042,0.000012,-113.454663,84.900897
10895.999653,0.999447,0.007617,37.913287,68.48782,0.000011,3.549365,84.973454
11052.951411,1.001097,0.005345,37.532485,69.473606,0.000011,117.08397,85.044975
11212.163986,0.99958,0.007352,37.166795,70.473602,0.00001,-132.969799,85.115474
11373.669943,1.000688,0.00772,36.789203,71.488013,0.00001,-26.636031,85.184965
11537.502317,0.998546,0.005793,36.424991,72.517047,0.000009,76.123546,85.253465
11703.694619,1.000033,0.00676,36.045959,73.560913,0.000009,175.137011,85.320986
11872.280844,0.999964,0.004719,35.672745,74.619826,0.000009,-89.588306,85.387544
12043.295474,1.000754,0.006886,35.297107,75.694002,0.000008,1.815653,85.453151
12216.77349,1.000394,0.005233,34.925308,76.78366,0.000008,89.438783,85.517822
12392.750375,1.001048,0.007167,34.55017,77.889024,0.000008,173.020473,85.581571
12571.262124,0.999828,0.005702,34.182177,79.01032,0.000007,-107.224789,85.644409
12752.345251,1.001433,0.006455,33.802583,80.147777,0.000007,-31.640811,85.706352
12936.036796,0.999715,0.006421,33.437162,81.301627,0.000007,39.943974,85.767411
13122.374331,1.000919,0.004908,33.058685,82.472107,0.000006,107.363958,85.827599
13311.395971,1.000964,0.006124,32.685982,83.659457,0.000006,170.522044,85.886929
13503.140379,0.999273,0.005097,32.320203,84.863918,0.000006,-130.526527,85.945412
13697.646775,0.99988,0.004215,31.944504,86.085738,0.000006,-75.938716,86.003062
13894.954944,1.000211,0.005906,31.570691,87.325166,0.000005,-25.782879,86.059891
14095.105244,0.999556,0.006643,31.200889,88.582456,0.000005,19.892474,86.115909
14298.138616,0.999731,0.005057,30.826919,89.857864,0.000005,61.164044,86.171129
14504.096588,1.000022,0.003865,30.452541,91.151653,0.000005,97.776025,86.225562
14713.021288,1.000263,0.00501,30.078978,92.464086,0.000005,129.724293,86.279219
14924.955451,1.001066,0.005773,29.702875,93.795432,0.000004,156.901558,86.332112
15139.942425,1.000087,0.00527,29.334197,95.145964,0.000004,179.383725,86.384252
15358.026185,0.999492,0.006062,28.964159,96.515957,0.000004,-163.08759,86.435648
15579.25134,0.999751,0.005026,28.590005,97.905691,0.000004,-150.383399,86.486313
15803.66314,0.998949,0.005383,28.220775,99.315452,0.000004,-142.771835,86.536256
16031.307485,0.999631,0.00468,27.844868,100.745527,0.000004,-140.154362,86.585488
16262.230941,0.999109,0.005339,27.474493,102.196209,0.000003,-142.767593,86.634018
16496.480741,0.999447,0.004625,27.10009,103.667794,0.000003,-150.522587,86.681858
16734.104799,1.000014,0.005465,26.72503,105.160584,0.000003,-163.64884,86.729016
16975.15172,0.999764,0.005216,26.353284,106.674884,0.000003,177.902228,86.775504
17219.670809,1.000638,0.004307,25.976533,108.211004,0.000003,154.021004,86.821329
17467.71208,1.000964,0.004036,25.602296,109.769258,0.000003,124.576606,86.866502
17719.32627,0.99987,0.003983,25.234265,111.349964,0.000003,89.553062,86.911032
17974.564843,0.998989,0.004382,24.865406,112.953446,0.000003,48.787549,86.954929
18233.480009,0.999716,0.004628,24.489536,114.580033,0.000002,2.289743,86.9982
18496.124725,1.000429,0.003547,24.113475,116.230055,0.000002,-50.042323,87.040856
18762.552716,0.999493,0.003231,23.74472,117.903852,0.000002,-108.338075,87.082905
19032.818477,0.999925,0.004242,23.370285,119.601766,0.000002,-172.669669,87.124355
19306.977289,1.000363,0.003139,22.995426,121.324143,0.000002,116.916071,87.165216
19585.08523,0.999221,0.003777,22.627757,123.071337,0.000002,40.273155,87.205495
19867.199185,1.000274,0.003686,22.25042,124.843704,0.000002,-42.629569,87.245202
20000,1.000573,0.003387,22.075434,125.67802,0.000002,108.873608,87.263505
