frequency_hz,spl_db,za_real_normalized,za_imag_normalized,ze_ohm,ze_phase_deg,excursion_peak_mm,phase_deg,mouth_power_w,power_relative_residual,ze_ohm_Nd,excursion_peak_mm_Nd,port_velocity_peak_ms_Nd
20,69.83660845663864,0.0002359254179448221,0.19648455822279629,6.882475770399633,27.33109350156744,0.7806206016585917,150.50288523675817,0.00005839225078480719,-1.6801637127653886e-16,6.882475770399633,0.7806206016585917,0
20.42194219518969,70.21121137956823,0.0002471073216021681,0.20086002292127852,6.926146986055546,27.91419382438671,0.7796934226942985,149.86190395024062,0.00006365250624252835,2.066987891120223e-16,6.926146986055546,0.7796934226942985,0
20.85278615118345,70.58631261002883,0.00025887105177068234,0.20534348743928135,6.972295020578436,28.50990545192164,0.778723942989947,149.20613692180495,0.000069394592718903,1.366288894214252e-16,6.972295020578436,0.778723942989947,0
21.292719669406033,70.96193222270394,0.00027125160250630827,0.2099383383049666,7.0210928551801,29.118498499451132,0.777710092657305,148.53518455974665,0.00007566370309056028,-1.3795619606617204e-16,7.0210928551801,0.777710092657305,0
21.741934513349428,71.33809100391204,0.00028428649765179073,0.21464811622617924,7.072728997872717,29.740246558722887,0.7766496870011187,147.84863253183494,0.0000825094079059778,1.3056136675970263e-16,7.072728997872717,0.7766496870011187,0
22.200626492161085,71.71481046340845,0.00029801601155996025,0.21947652604542184,7.127409258035586,30.375426208721414,0.7755404188674409,147.14605097919036,0.00008998609723497551,-1.0557616409805536e-16,7.127409258035586,0.7755404188674409,0
22.668995545995525,72.092112844218,0.0003124834125346989,0.22442744750976254,7.185358770336607,31.024316402687226,0.7743798503679693,146.42699367620025,0.00009815346929758204,-2.817298361666581e-16,7.185358770336607,0.7743798503679693,0
23.147245833166657,72.47002113007416,0.00032773523167871496,0.22950494693479281,7.246824309783124,31.687197705886867,0.773165403920572,145.69099713234368,0.00010707707106926518,-1.102173479697728e-16,7.246824309783124,0.773165403920572,0
23.635585819138743,72.84855904997293,0.00034382156019762604,0.23471328985076284,7.312076947849805,32.36435135315574,0.7718943525400124,144.93757963147436,0.00011682889665853022,-1.1109742040672304e-16,7.312076947849805,0.7718943525400124,0
24.134228367394833,73.22775107927568,0.0003607963786236088,0.24005695472899974,7.381415109643415,33.056058088464724,0.7705638093059213,144.16624020378913,0.0001274880499213581,-4.76893999534327e-18,7.381415109643415,0.7705638093059213,0
24.643390832222224,73.60762243670466,0.0003787179218990809,0.24554064789816168,7.455168104387616,33.76259674036572,0.769170715927382,143.3764575253556,0.00013914147852209626,1.5101937042388477e-16,7.455168104387616,0.769170715927382,0
25.163295153455493,73.98819907648037,0.00039764908481143156,0.25116931977275,7.533700216752612,34.48424247671961,0.7677118303151429,142.56768873971737,0.00015188478748058695,-8.067102084680095e-17,7.533700216752612,0.7677118303151429,0
25.694167953218248,74.36950767472673,0.00041765787290639055,0.25694818253094853,7.617415465500375,35.22126466902651,0.7661837130630721,141.73936819571122,0.00016582314116832036,3.7414325334109504e-16,7.617415465500375,0.7661837130630721,0
26.23624063470592,74.75157560914724,0.0004388179047459663,0.26288272939543694,7.706763159594787,35.973924280242855,0.7645827127303602,140.89090609526238,0.00018107226374195796,4.187205328446501e-16,7.706763159594787,0.7645827127303602,0
26.78974948305256,75.13443093081662,0.0004612089722335808,0.26897875568992846,7.802244411683284,36.74247066919337,0.7629049498046895,140.02168704451265,0.00019775954913868726,5.535967386074157e-16,7.802244411683284,0.7629049498046895,0
27.35493576832561,75.51810232676645,0.0004849176667266163,0.2752423818655999,7.90441980647606,37.527137678305444,0.7611462992144589,139.1310685012745,0.00021602529301450275,7.825762352522264e-17,7.90441980647606,0.7611462992144589,0
27.932045850693626,75.90261907183435,0.0005100380798202575,0.2816800787165231,8.013918469401037,38.32813883767234,0.7593023712446698,138.21837911140472,0.00023602406039096874,7.412585638564323e-17,8.013918469401037,0.7593023712446698,0
28.521331287812664,76.28801096803306,0.0005366725890465485,0.288298695031431,8.131448842183932,39.14566147512271,0.7573684906968681,137.28291692635833,0.0002579262042975857,3.7982649519759934e-16,8.131448842183932,0.7573684906968681,0
29.123048944478267,76.67430826942591,0.0005649327403270352,0.2951054879617772,8.257811550993361,39.979859465880295,0.7553396741177504,136.32394749385026,0.00028191955235938896,-6.010596386481464e-17,8.257811550993361,0.7553396741177504,0
29.737461104590764,77.06154159019603,0.0005949402408896504,0.30210815642348116,8.39391485537589,40.83084428231896,0.7532106049044996,135.34070181331026,0.00030821128008714106,-2.55905974971122e-16,8.39391485537589,0.7532106049044996,0
30.364835585482716,77.4497417932678,0.000626828078566619,0.30931487789302625,8.540793300462017,41.69867390836561,0.7509756060772464,134.33237414762743,0.00033702999157995094,5.871983022794305e-16,8.540793300462017,0.7509756060772464,0
31.005445854658348,77.83893985643842,0.0006607417859936531,0.316734349008543,8.69963037207292,42.583339056109,0.7486286104904375,133.29811968262686,0.00036862803043844275,-1.2796081488102815e-16,8.69963037207292,0.7486286104904375,0
31.65957114899583,78.22916671254626,0.0006968408713147432,0.32437583044447743,8.871786190144295,43.48474595265586,0.7461631282357516,132.237052025808,0.0004032840458979255,5.548563726229291e-16,8.871786190144295,0.7461631282357516,0
32.3274965964644,78.62045305968864,0.0007353004406566356,0.3322491965957651,9.058831592631293,44.40269473690379,0.7435722109697234,131.14824053618156,0.00044130584149554026,2.6777409681585467e-16,9.058831592631293,0.7435722109697234,0
33.00951334040938,79.0128291369402,0.0007763130419960503,0.34036499068590736,9.262590391780526,45.336852195186815,0.740848412880016,130.03070747760762,0.00048303353594348307,-3.73890562675993e-16,9.262590391780526,0.740848412880016,0
33.70591866645916,79.40632446036463,0.0008200907652462781,0.3487344860049119,9.485192173811871,46.28671713750542,0.7379837479860298,128.8834249889328,0.0005288430682241106,-2.1851506727534208e-16,9.485192173811871,0.7379837479860298,0
34.41701613210971,79.80096751338864,0.0008668676396249819,0.35736975409054195,9.7291388299443,47.25157612182444,0.7349696434533167,127.70531186562675,0.0005791500811631071,-1.040033207218544e-16,9.7291388299443,0.7349696434533167,0
35.143115699042774,80.19678538477004,0.0009169023768549183,0.3662837407922495,9.997389153107513,48.2304463971973,0.7317968885883464,126.49523014951103,0.0006344142197391494,9.264580994862413e-17,9.997389153107513,0.7317968885883464,0
35.88453386823574,80.59380334647486,0.0009704815177810399,0.3754903513058427,10.293467464532593,49.2220017425136,0.7284555791725328,125.25198152583675,0.0006951438819771194,2.0311243008466915e-16,10.293467464532593,0.7284555791725328,0
36.64159381792185,80.99204436273499,0.001027923050912533,0.3850045454425642,10.62160458417634,50.224475149189026,0.7249350567944383,123.9743035305255,0.0007619014611981167,4.027484632208566e-16,10.62160458417634,0.7249350567944383,0
37.414625544460996,81.39152852040502,0.0010895805846602273,0.39484244460421764,10.98692289806254,51.235529754308885,0.7212238428497815,122.66086557504605,0.0008353091183379343,7.791650404827726e-16,10.98692289806254,0.7212238428497815,0
38.203966006182505,81.79227236947598,0.001155848171202452,0.4050214521839796,11.39568239199198,52.25208562864035,0.7173095669048783,121.31026480248863,0.0009160551215639419,-4.918949756410423e-16,11.39568239199198,0.7173095669048783,0
39.00995927026255,82.1942881612079,0.0012271658996771122,0.41556038940777723,11.855612268570095,53.27008422965074,0.7131788891651607,119.92102179618905,0.0010049007869450833,3.048644639690327e-16,11.855612268570095,0.7131788891651607,0
39.832956662700305,82.59758296984566,0.0013040264006724566,0.42647964898538426,12.376364724186885,54.28416331737576,0.7088174168638809,118.49157617218918,0.0011026880477263013,2.525658547231955e-16,12.376364724186885,0.7088174168638809,0
40.673316921458074,83.00215768229678,0.001386982433922775,0.4378013693663075,12.9701463157045,55.28720079527343,0.7042096144953974,117.02028209931393,0.0012103476698778048,8.337259629923048e-16,12.9701463157045,0.7042096144953974,0
41.53140635283238,83.40800583847299,0.0014766557681819808,0.4495496329091839,13.652612754245649,56.269662562752835,0.6993387079734837,115.50540380632128,0.0013289081168162877,3.6745690723395836e-16,13.652612754245649,0.6993387079734837,0
42.407598991123834,83.81511230332123,0.001573747608366459,0.461750691896624,14.444163247826456,57.21865028992564,0.6941865830117282,113.94511115500768,0.0014595050450153697,-2.4269067082304287e-16,14.444163247826456,0.6941865830117282,0
43.30227676167578,84.22345174992014,0.0016790508826963232,0.4744332270855679,15.371855966560444,58.11647733125082,0.6887336783169457,112.33747538212583,0.0016033913827344475,-3.403955343677921e-16,15.371855966560444,0.6887336783169457,0
44.21582964735243,84.63298693150833,0.0017934647749595317,0.48762864440992004,16.472315785991878,58.938479962844525,0.6829588745781036,110.68046514230946,0.0017619479039734237,-1.6596205967469828e-16,16.472315785991878,0.6829588745781036,0
45.148655858529295,85.04366671908933,0.0019180119784251927,0.5013714165909413,17.79627578626076,59.64954628928488,0.6768393807474645,108.97194301979266,0.0019366941562029595,-1.3731572480070266e-16,17.79627578626076,0.6768393807474645,0
46.101162006669874,85.45542388048842,0.0020538592639427564,0.5156994778154905,19.41589916262838,60.19840912923613,0.6703506197762065,107.20966271958741,0.0021292995300948112,2.1238993147460962e-15,19.41589916262838,0.6703506197762065,0
47.07376328156437,85.868172576702,0.002202342102851567,0.5306546813850224,21.437004298376305,60.507861735085065,0.6634661168176893,105.39126719987621,0.0023415941685680473,2.5842740249428397e-15,21.437004298376305,0.6634661168176893,0
48.06688363230752,86.28180555239365,0.0023649942754721794,0.5462833324114097,24.020255751135213,60.4571492400136,0.6561573939852521,103.51428806762488,0.002575579296710504,3.592855223635485e-15,24.020255751135213,0.6561573939852521,0
49.08095595209468,86.69619099990898,0.002543583641622425,0.5626368103603023,27.41927405412437,59.848450046131795,0.6483938770885272,101.57614662956007,0.002833436409047885,4.085147917311125e-15,27.41927405412437,0.6483938770885272,0
50.11642226691645,87.11116908075275,0.0027401555691060533,0.5797722996805238,32.05096236412055,58.33889782764041,0.6401428214138132,99.57415707097516,0.003117534571849336,1.1704966867437167e-15,32.05096236412055,0.6401428214138132,0
51.173733928234256,87.52654809579467,0.0029570859344918254,0.5977536511199559,38.622358365067576,55.293360152971346,0.6313692655967558,97.50553232509856,0.0034304348820657074,1.182752340074665e-15,38.622358365067576,0.6313692655967558,0
52.25335180972088,87.94210030638673,0.0031971461623566395,0.6166524019019971,48.305085339764624,49.45118837448404,0.6220360249861352,95.36739329457043,0.0037748908692011043,6.317025926341818e-16,48.305085339764624,0.6220360249861352,0
53.35574650815151,88.35755742408045,0.0034635835026635034,0.6365489901049687,62.47815099069566,38.23988943182099,0.6121037386207799,93.15678219121696,0.004153843333208886,6.021814428842259e-15,62.47815099069566,0.6121037386207799,0
54.48139854853323,88.77260580786157,0.003760220728859809,0.6575342078762026,78.60469290279475,17.544252170972953,0.6015309870073894,90.87068086571594,0.004570407786910885,4.544436579252e-15,78.60469290279475,0.6015309870073894,0
55.63079859356185,89.1868814359675,0.004091580767768719,0.6797109502412503,80.44508999181453,-11.402604409782434,0.5902745012084172,88.50603509721714,0.005027852329987107,-1.7153075088551296e-15,80.44508999181453,0.5902745012084172,0
56.804447657498,89.59996475563597,0.00446304358443084,0.7031963322376572,64.09799705925447,-34.9396990274102,0.5782894871576336,86.05978589275367,0.0055295634493502275,-4.496578313776483e-15,64.09799705925447,0.5782894871576336,0
58.00285732455512,90.01137555953322,0.004881045140878758,0.728124268308828,47.7998867013135,-48.02097165817816,0.5655300923332773,83.52890889125035,0.006078996959377933,7.739625944915219e-17,47.7998867013135,0.5655300923332773,0
59.22654997189498,90.42056809273103,0.00535333172125918,0.754648636320506,36.60347097058086,-54.543992908519435,0.5519500445020454,80.91046295515059,0.006679611126728718,5.057026348234819e-16,36.60347097058086,0.5519500445020454,0
60.47605899732765,90.8269266586892,0.005889287803487508,0.7829471870462426,29.135406330969133,-57.57981705736838,0.5375034935836202,78.20164893655215,0.007334779053587918,4.2375571349624646e-16,29.135406330969133,0.5375034935836202,0
61.75192905181533,91.2297620652358,0.006500362617726783,0.8132264126242281,23.970896462026474,-58.66239594458886,0.5221460869475956,75.39987939085972,0.008047677730554533,3.394302914881303e-16,23.970896462026474,0.5221460869475956,0
63.05471627688138,91.6283093285888,0.007200630570085608,0.8457276603596581,20.245913042610685,-58.55308805186259,0.5058363046046382,72.50285964192517,0.008821151948360265,7.39689857458584e-16,20.245913042610685,0.5058363046046382,0
64.38498854702789,92.02172712909503,0.008007535387133538,0.880734880341366,17.459339717620278,-57.655629309812355,0.4885370725871594,69.508680040316,0.009657552619984314,9.61313030357846e-16,17.459339717620278,0.4885370725871594,0
65.7433257172677,92.40909957740087,0.008942889617029373,0.9185845402765997,15.311915760229805,-56.19978457440008,0.4702176590763292,66.41591846837832,0.010558551144582456,-1.4308367343847293e-15,15.311915760229805,0.4702176590763292,0
67.13031987587843,92.78944089164462,0.010034233966203487,0.9596784496713548,13.61723850709881,-54.32485087075063,0.45085583742710367,63.22375111398571,0.011524934328518421,1.6184047121198972e-16,13.61723850709881,0.45085583742710367,0
68.54657560248914,93.16170358892839,0.01131671134616253,1.0045005407675087,12.254348176428692,-52.120155461966654,0.43044027256754924,59.93206826863866,0.012556388054887346,2.766647586809576e-16,12.254348176428692,0.43044027256754924,0
69.99271023161167,93.524790739569,0.012835689317606307,1.0536391077927516,11.141834503475621,-49.64603876386038,0.4089730526313193,56.541590455005235,0.013651282189098626,5.665166635566317e-16,11.141834503475621,0.4089730526313193,0
71.46935412173177,93.8775727020882,0.01465049046482494,1.107816694290193,10.223143795222837,-46.94539515259112,0.38647224789346085,53.05397865993291,0.014806473729446878,2.0758457098597486e-16,10.223143795222837,0.38647224789346085,0
72.97715093007741,94.21890853596743,0.016839795835926055,1.1679308826468504,9.457906302130258,-44.05035754817639,0.3629743378007763,49.47193101160951,0.016017149301200004,3.876378191475466e-16,9.457906302130258,0.3629743378007763,0
74.51675789318372,94.5476719719154,0.01950963110700261,1.2351109234012752,8.816625228721817,-40.986339408837516,0.33853630996760375,45.79925712743227,0.017276730844483973,3.6429432462298425e-16,8.816625228721817,0.33853630996760375,0
76.08884611337716,94.86278141415083,0.022805438924835254,1.3107978718071749,8.277314615298996,-37.77456026659717,0.31323721029805274,42.04092085073739,0.01857686870311863,9.072877221784724e-17,8.277314615298996,0.31323721029805274,0
77.69410085130359,95.16323298358783,0.02693079707704372,1.3968604508595703,7.823307335264234,-34.43365476549331,0.2871789199944074,38.20304247304489,0.019907543279316334,2.465415433586766e-16,7.823307335264234,0.2871789199944074,0
79.33322182462801,95.44813513378708,0.03217728872594656,1.4957666905300622,7.441788597803672,-30.980698592250196,0.2604859621404174,34.292853030713104,0.021257289324147915,-3.3089782490752313e-16,7.441788597803672,0.2604859621404174,0
81.00692351303572,95.71674295075232,0.03897376626278184,1.6108453499451398,7.122792766660176,-27.43184474644778,0.2333042053284516,30.318595967379338,0.02261354581540498,-1.1124748591363133e-16,7.122792766660176,0.2333042053284516,0
82.7159354696684,95.968489960514,0.04797075756003984,1.746697033106709,6.858504282710949,-23.80268846817465,0.2057984403033161,26.289375264393357,0.02396312020319767,-9.092469730846511e-17,6.858504282710949,0.2057984403033161,0
84.46100263913041,96.20301518723292,0.06019168305370581,1.9098652831384237,6.6427634431801925,-20.108438501492603,0.17814896675634984,22.214953722282075,0.02529274053983037,6.12886976692147e-17,6.6427634431801925,0.17814896675634984,0
86.24288568220429,96.42018337830471,0.07731850734115041,2.1099813855329197,6.4707137282375,-16.363950469215105,0.1505475735890076,18.10550986862154,0.026589655344345965,-2.629305057590431e-16,6.4707137282375,0.1505475735890076,0
88.06236130741641,96.62009675103901,0.10226699948120464,2.3618231768791973,6.338549495869969,-12.583666277973837,0.12319376016784302,13.97136627372015,0.027842231828687024,2.081941648020311e-16,6.338549495869969,0.12319376016784302,0
89.92022260959835,96.80309727870765,0.14044039437820635,2.689264331428023,6.243336865082874,-8.781496617797254,0.09629329373334497,9.822705175872215,0.02904050057430917,2.709320179735374e-16,6.243336865082874,0.09629329373334497,0
91.81727941559032,96.96975933726517,0.20274903174040704,3.133485709467962,6.182889728237614,-4.97067879686596,0.07006603896718659,5.6692887101538645,0.030176599842212933,2.177711211995263e-16,6.182889728237614,0.07006603896718659,0
93.75435863723831,97.12087336294665,0.3139051471464725,3.771907983675494,6.155688999946422,-1.1636377255896992,0.04479764526169342,1.5202004481982385,0.031245084714127236,0,6.155688999946422,0.04479764526169342,0
95.73230463183819,97.25742190476146,0.539737283012169,4.768245490069698,6.160837603440372,2.6281268513485823,0.02126341375948885,-2.6163775038197628,0.032243082959088676,-4.702154007239696e-16,6.160837603440372,0.02126341375948885,0
97.75197957018449,97.38054999471338,1.1048816281367828,6.531786604831716,6.198047077782913,6.394108783305254,0.010320624591887753,-6.733341501649079,0.03317029772977586,-3.404260745381655e-16,6.198047077782913,0.010320624591887753,0
99.81426381238357,97.49153204303155,3.1846529879047702,10.348295033844678,6.267654593843256,10.124806360192443,0.028520274869190263,-10.824791792937845,0.03402887366939129,-4.9645667253069404e-17,6.267654593843256,0.028520274869190263,0
101.92005629159556,97.59173748535908,19.747809386340208,16.74550883116022,6.370672020888383,13.811666336338657,0.04905216171503607,-14.886105475417253,0.034823155226061456,-4.206072828324641e-16,6.370672020888383,0.04905216171503607,0
104.0702749058722,97.68259719787281,11.656384885124284,-15.069592778989149,6.508871906032375,17.446954268646106,0.06866674020891483,-18.91396027270332,0.03555937261638582,3.5467312298665616e-17,6.508871906032375,0.06866674020891483,0
106.2658569182611,97.76557231948448,2.5639557654695038,-8.137933001392234,6.6849193184097935,21.023544267913838,0.0870310768953945,-22.906315614914206,0.03624529193977889,-1.240967339169381e-17,6.6849193184097935,0.0870310768953945,0
108.50775936535135,97.84212665483955,1.0710378539925838,-5.138279126084282,6.902564182795913,24.53461794112135,0.1040507615114784,-26.86235951381991,0.03688986243276912,-1.8406983817498144e-16,6.902564182795913,0.1040507615114784,0
110.79695947443788,97.91370335089773,0.5928017244392328,-3.6554017929406375,7.166917104960367,27.97325453671876,0.11969350618424172,-30.782430549914125,0.03750288734266452,-2.812335251533474e-17,7.166917104960367,0.11969350618424172,0
113.13445508948726,97.9817061007116,0.3817142411353161,-2.7806294037544927,7.484844643553782,31.331880195033936,0.13395571082862817,-34.66792412298895,0.03809473705749013,-3.7959986117082733e-16,7.484844643553782,0.13395571082862817,0
115.52126510608963,98.04748476695909,0.27010569403476475,-2.2034046686232625,7.865540759917052,34.601520295259846,0.14685131906065216,-38.52119122600476,0.03867611535635736,4.47070363496103e-16,7.865540759917052,0.14685131906065216,0
117.95842991558735,98.11232505055409,0.20389589231465774,-1.7926113433780413,8.321365619613488,37.770758620427024,0.15840621128425833,-42.34543666988975,0.03925788290056652,7.47896839127815e-16,8.321365619613488,0.15840621128425833,0
120.44701185857294,98.17744165541254,0.16137748291528492,-1.4838906204839473,8.869101886506995,40.82423768892586,0.16865450326358844,-46.144622168689466,0.03985093686152828,-6.295849185177717e-16,8.869101886506995,0.16865450326358844,0
122.98809568795518,98.24397430727996,0.13246079142881828,-1.2420708748822253,9.531883034463894,43.74041068671051,0.17763573560886886,-49.923378186088485,0.040466141976876396,1.0516186191016564e-15,9.531883034463894,0.17763573560886886,0
125.58278904179394,98.3129859548927,0.11193457585930053,-1.046333852599434,10.342239685771503,46.488024339156965,0.18539261332160836,-53.68692707497564,0.04111430617291695,-1.0411519628337925e-16,10.342239685771503,0.18539261332160836,0
128.2322229261109,98.3854624967352,0.09688475145138199,-0.8835726405078773,11.347074910628875,49.020359875383974,0.19196915594101394,-57.44101888002638,0.04180619287602247,6.59612158441893e-16,11.347074910628875,0.19196915594101394,0
130.93755220788572,98.46231341892985,0.08557795600900611,-0.745117619776779,12.616103294161876,51.265326155580254,0.19740918434040308,-61.191880239011994,0.042552561895569066,1.5023274767175996e-15,12.616103294161876,0.19740918434040308,0
133.6999561184537,98.54437278503161,0.07693138534268436,-0.6249957570011593,14.256781695536155,53.107456319988486,0.20175509294261143,-64.94617609733785,0.04336423094782753,-4.52669807304467e-16,14.256781695536155,0.20175509294261143,0
136.520638767523,98.63240007607045,0.07024166371986537,-0.5189467166838715,16.441931106757377,54.3530850599658,0.2050468652894646,-68.71098340639139,0.04425215020130912,1.882131263285848e-15,16.441931106757377,0.2050468652894646,0
139.40082966803635,98.72708043191449,0.065037604863728,-0.42383779712650405,19.46291781315101,54.6580272583018,0.20732129635338756,-72.49377556254183,0.04522748240997314,-2.9734159118281323e-15,19.46291781315101,0.20732129635338756,0
142.34178427210614,98.82902388892616,0.0609962236614639,-0.3373006833383279,23.832860491106324,53.365298678054785,0.2086113900634453,-76.30241600840338,0.04630168106045611,3.1143829773677725e-15,23.832860491106324,0.2086113900634453,0
145.3447845182556,98.9387632426112,0.057892873663573444,-0.2574972314423158,30.457476266774737,49.11674554146322,0.20894590630181767,-80.14515910906425,0.047486558328010645,-8.063404497480117e-17,30.457476266774737,0.20894590630181767,0
148.4111393902059,99.05675018848429,0.05557070963599891,-0.18296315813172706,40.567334159429116,38.972150560937614,0.2083490384114563,-84.03065608244748,0.04879433337240577,5.153772524339044e-15,40.567334159429116,0.2083490384114563,0
151.54218548745123,99.18334941291597,0.05392159551236134,-0.11250020199619587,52.460458318394,17.901741263115944,0.20684021014472245,-87.96796335590159,0.05023764948791124,-1.6717444296283333e-15,52.460458318394,0.20684021014472245,0
154.73928760787211,99.31883032378316,0.05287410738213602,-0.04509911758999777,52.9191081822145,-12.060934785429422,0.20443399008988916,-91.96655019410804,0.0518295457518508,4.1726690183638924e-15,52.9191081822145,0.20443399008988916,0
158.00383934263982,99.46335613667662,0.05238617495346332,0.02011749725771644,40.876661691226154,-34.17802427643541,0.20114013212048462,-96.03630175388867,0.05358336504139921,-5.5651281855080194e-15,40.876661691226154,0.20114013212048462,0
161.3372636836715,99.61697007804514,0.052440979118973566,0.0839397103995924,30.229256807461105,-44.84983648501068,0.19696376255667256,-100.18751283423887,0.055512575648641774,-3.0292732832219846e-15,30.229256807461105,0.19696376255667256,0
164.7410136439008,99.77957854831811,0.05304537989748692,0.14710704710394543,23.26340119688347,-49.1149390121378,0.19190574872592497,-104.43086648427254,0.057630478438460045,-6.158598981751967e-17,23.26340119688347,0.19190574872592497,0
168.2165728906349,99.95093122746623,0.054230601682194825,0.21034126544892184,18.707054547861894,-50.115793105749965,0.1859632995385745,-108.77739031454718,0.059949766093844226,2.4264685851142744e-15,18.707054547861894,0.1859632995385745,0
171.76545639227294,100.13059833046088,0.05605528037046161,0.2743782248135646,15.586223331188766,-49.30584153814589,0.1791308663024361,-113.23838188391312,0.06248189651876454,2.4852945254626577e-16,15.586223331188766,0.1791308663024361,0
175.3892110786687,100.31794556404896,0.05861137852298391,0.34000187826554124,13.350808660677849,-47.38192943127506,0.1714014304689335,-117.82529303999797,0.0652362407223902,-2.733297631532512e-16,13.350808660677849,0.1714014304689335,0
179.08941651542477,100.51210783544104,0.06203400696910939,0.40808384381640694,11.691012793677817,-44.70525855358522,0.16276828268809934,-122.5495618345542,0.06821896933961996,1.3681480467941394e-15,11.691012793677817,0.16276828268809934,0
182.8676855924127,100.71196345028233,0.0665170102040115,0.47963305612974616,10.424783088082561,-41.476918480303695,0.15322741190583294,-127.42238004602075,0.071431655464159,1.880607375709535e-15,10.424783088082561,0.15322741190583294,0
186.72566522681876,100.91611142699995,0.07233755082733588,0.5558619650775145,9.440121399912279,-37.815811523498404,0.14278063140117533,-132.45438507212458,0.07486960000703935,-9.93909588121118e-16,9.440121399912279,0.14278063140117533,0
190.66503708102172,101.12285562403999,0.07989538726671086,0.6382792210938742,8.665362125287581,-33.79620120914076,0.1314395699679054,-137.65526789647606,0.0785199352160798,1.4454793558372024e-16,8.665362125287581,0.1314395699679054,0
194.6875182956162,101.33020053285863,0.08977714256854871,0.7288249100775482,8.053252137004437,-29.467333115071288,0.11923066013770706,-143.03329506283956,0.08235963694153642,5.770114018281544e-16,8.053252137004437,0.11923066013770706,0
198.79486223790047,101.53586463428724,0.10286489341131765,0.8300754039589365,7.57205495996871,-24.864534300772856,0.10620130268994961,-148.59475318289014,0.08635367675586994,-4.916850473815011e-16,7.57205495996871,0.10620130268994961,0
202.9888592661551,101.73731781525984,0.12052704687902341,0.9455652701901079,7.200398194332582,-20.016014401194976,0.09242761699831271,-154.34334012900194,0.09045366155117174,-1.168543656828041e-15,7.200398194332582,0.09242761699831271,0
207.2713375100457,101.93184902941474,0.144970211414861,1.080312798046219,6.924221011848307,-14.947380397293923,0.07802505781995284,-160.27954735371566,0.0945974159267528,-1.14249857576177e-15,6.924221011848307,0.07802505781995284,0
211.64416366749026,102.11666862574377,0.1799259599186927,1.241713719039687,6.734972476154467,-9.684869413376884,0.06316633322887237,-166.4001005323758,0.09871001838080476,3.551718834625304e-16,6.734972476154467,0.06316633322887237,0
216.10924381833757,102.28904613328868,0.23208705037344948,1.4411289281155386,6.628617772953467,-4.257824560394631,0.04812348163279137,-172.69754627411157,0.10270674921690776,7.832123867145427e-16,6.628617772953467,0.04812348163279137,0
220.6685242552123,102.44647871600588,0.31437628533230133,1.6968309082224038,6.605235553692067,1.2992794305797002,0.03341045472239613,-179.16008390492374,0.10649819369289903,-5.495264398587254e-16,6.605235553692067,0.03341045472239613,0
225.32399233188798,102.5868786059428,0.454212323622751,2.0396435737439815,6.669136081307128,6.945013575794007,0.020474731993682948,174.22826480671938,0.10999735210591399,9.313335662995341e-17,6.669136081307128,0.020474731993682948,0
230.07767732955904,102.70876101609998,0.7173558448404609,2.523324860194183,6.829554025720578,12.629055146463793,0.01499928480555422,167.48708474883972,0.11312809443990508,-7.39785919705894e-16,6.829554025720578,0.01499928480555422,0
234.93165134138798,102.8114093963317,1.2885415887126859,3.2348713975643686,7.102118242830801,18.289584913942893,0.022436020066529318,160.6385854969551,0.11583380158917381,-7.517549242601481e-16,7.102118242830801,0.022436020066529318,0
239.88803017571425,102.89499448924745,2.7803916220061535,4.180085768935401,7.511535463588153,23.849011642166147,0.03456431033408921,153.7062668047663,0.1180847512648785,-2.276974503624888e-16,7.511535463588153,0.03456431033408921,0
244.9489742783178,102.96062858213708,6.680756259332793,3.54977928364169,8.09636002356288,29.206100169226413,0.04705569211670868,146.71335668246468,0.11988289677443728,1.3179574930839828e-15,8.09636002356288,0.04705569211670868,0
250.11668967414062,103.01034602573046,6.97088245188173,-2.5860899564407416,8.91760260167317,34.220662477130496,0.05882158788355417,139.6811919837603,0.12126318553135293,6.35379300746729e-16,8.91760260167317,0.05882158788355417,0
255.39342892887487,103.0470130964822,3.0273313247730442,-3.5435730512225567,10.074805287774875,38.68258715928532,0.06944021540373238,132.6277194869274,0.12229133326247714,1.0063676231142419e-15,10.074805287774875,0.06944021540373238,0
260.78149213083844,103.07418124629449,1.4458863397991557,-2.656727013100571,11.737239038506234,42.24606779288454,0.07868801427802696,125.56626380430134,0.12305874872870844,9.616002718017414e-16,11.737239038506234,0.07868801427802696,0
266.28322789356497,103.09590473106346,0.8326881700593721,-1.9539827889833892,14.205551128297422,44.28075301987256,0.08643583716692645,118.50464749443313,0.12367583275471658,-2.6818293182659723e-15,14.205551128297422,0.08643583716692645,0
271.9010343795453,103.11654507812504,0.5479947287545124,-1.4681198031314482,18.02152906510333,43.51281462777272,0.09261485675409693,111.4446774154751,0.12426501541042771,1.4209635505116201e-15,18.02152906510333,0.09261485675409693,0
277.63736034556797,103.1405812306341,0.39619343773724264,-1.118650287058808,23.99890626056966,37.17974028876569,0.09719925891883023,104.3819489691823,0.12495467039514857,-2.505309848689175e-15,23.99890626056966,0.09719925891883023,0
283.49470621011193,103.17243720163448,0.30723393933661547,-0.8532236283441201,31.636889819312344,20.19459257759006,0.10019383556020786,97.30587937094162,0.12587459620006244,1.752331556816249e-15,31.636889819312344,0.10019383556020786,0
289.47562514325944,103.2163307694025,0.2518041131815374,-0.6412470216085995,33.26757037561016,-7.089839619499198,0.10162366727896198,90.1998665608611,0.12715324474457043,1.0456212631647368e-15,33.26757037561016,0.10162366727896198,0
295.58272417960217,103.27613880900613,0.21609970759995872,-0.4642716198498481,26.261021167115683,-27.82956611154372,0.10152540780813159,83.04147905966056,0.12891642428164096,-4.116514088034014e-15,26.261021167115683,0.10152540780813159,0
301.81866535462666,103.35526815530167,0.19305511293518526,-0.3105304241661869,19.594935771972008,-36.56520035057286,0.09994026318042598,75.80260840874132,0.13128683712924666,-2.536470848868187e-15,19.594935771972008,0.09994026318042598,0
308.1861668650743,103.45651560825863,0.17888099374000782,-0.17201677394363876,15.251332385873924,-38.42431860389179,0.09690889792690185,68.44955554370188,0.13438349473590233,-8.095922494951168e-16,15.251332385873924,0.09690889792690185,0
314.68800425378174,103.58189670876202,0.17156688198432873,-0.042861206244600804,12.467491141780288,-36.80785934724092,0.09246862732873436,60.943075300266855,0.13831970087561996,2.590331829409843e-15,12.467491141780288,0.09246862732873436,0
321.32701161951684,103.73242041068963,0.1702104153953832,0.08164135839686637,10.616412292664867,-33.26658182381089,0.08665356952523265,53.238474196960624,0.14319782158841327,3.344230929715426e-15,10.616412292664867,0.08665356952523265,0
328.10608285234093,103.90778698888795,0.17475298581177193,0.20568851966196505,9.346806822858534,-28.52231302964393,0.0794991237121751,45.28595521627392,0.1490984295596815,1.8433338836958086e-15,9.346806822858534,0.0794991237121751,0
335.0281728950313,104.10599277370531,0.18597753346375032,0.3335020325611727,8.46663712516961,-22.93549089693993,0.07105358382473206,37.03153998444759,0.15606073485304023,1.5930338522144494e-15,8.46663712516961,0.07105358382473206,0
342.0962990311173,104.32284424838384,0.20577023604201136,0.46986940831987273,7.870177393522862,-16.701181610425646,0.061402957641422735,28.419074524482767,0.16405096713577513,1.5092299439098154e-15,7.870177393522862,0.061402957641422735,0
349.3135422000902,104.55142642588942,0.2377954838661773,0.6208268755149486,7.501900251186404,-9.940766274594468,0.05072393812833048,19.394007158652357,0.17291672949245113,-2.058793875899734e-15,7.501900251186404,0.05072393812833048,0
356.6830483403598,104.78164875991277,0.28901438204511065,0.7946424346129882,7.339950295555582,-2.755013031116196,0.039410516147988524,9.909706213880668,0.18233046778555526,-1.7062691693576126e-15,7.339950295555582,0.039410516147988524,0
364.20802976054404,105.00010952877177,0.37319439275153016,1.0032479841888573,7.39069406960019,4.733717839190887,0.028445992418659933,-0.06317974012620198,0.19173673296522703,1.7990554367026085e-15,7.39069406960019,0.028445992418659933,0
371.89176653968786,105.1906448299253,0.5196441823570452,1.2637698961651391,7.691687514462697,12.334855482398526,0.020603024577910984,-10.524790209979528,0.20033593310982892,-5.730086281373485e-16,7.691687514462697,0.020603024577910984,0
379.7376079570242,105.33595905165298,0.7968487508101788,1.5957933642234956,8.324765944488458,19.723787078355564,0.021096206985181064,-21.433960719640027,0.20715254601099625,1.042044292813682e-15,8.324765944488458,0.021096206985181064,0
387.7489739518976,105.42050218777975,1.3774223670557892,1.981531273116236,9.446427544270964,26.32836476291697,0.029236732248540634,-32.70083279677368,0.21122464505121252,-1.4610583570914916e-16,9.446427544270964,0.029236732248540634,0
395.92935661448826,105.43416558860099,2.6248279828875556,2.0795553236148736,11.350017252727321,31.09118794682328,0.039542780205623344,-44.19020529762241,0.21189022838020793,-2.2047816761745946e-15,11.350017252727321,0.039542780205623344,0
404.28232170798617,105.37563510868111,4.05206061300024,0.5107967434735001,14.554903512107273,31.903733859542918,0.04920529264424633,-55.73911577030776,0.20905371089103356,4.575113093507742e-15,14.554903512107273,0.04920529264424633,0
412.8115102228787,105.25397492513156,3.0327277417812333,-1.4961835644378554,19.543514862907028,24.500940853730796,0.05705983232317242,-67.18556446603566,0.20327869440600843,-6.624458580687237e-15,19.543514862907028,0.05705983232317242,0
421.5206399640294,105.0876847767161,1.63050457082474,-1.633353538373486,23.80693450122915,4.339064012116401,0.06262436775985533,-78.39883264752405,0.19564233967199168,-7.446804013320179e-16,23.80693450122915,0.06262436775985533,0
430.41350717123885,104.90172130299085,0.9449241021057626,-1.270718760233148,21.362713132448736,-18.233094691673337,0.0658048954560624,-89.30109874633172,0.18744182346710542,4.676885684771503e-15,21.362713132448736,0.0658048954560624,0
439.49398817399515,104.72382691731161,0.6228112541470963,-0.9248882070081283,16.426853339837066,-29.117565758848475,0.06674205018911589,-99.8757719344307,0.17991901380952216,-9.7745980329391e-16,16.426853339837066,0.06674205018911589,0
448.7660410811355,104.58141143329377,0.4582707475419725,-0.6451632243599952,12.923492224097668,-31.134674556958068,0.06569073282111695,-110.16512645496505,0.17411472992507054,-6.27896274631361e-16,12.923492224097668,0.06569073282111695,0
458.23370750615345,104.49950544832481,0.36919188443591744,-0.4153388864215276,10.737221865013238,-28.8490921974278,0.06292950680650973,-120.26349886766786,0.17086177551589993,8.49665424973618e-16,10.737221865013238,0.06292950680650973,0
467.90111432890626,104.49957448464075,0.32153980061507426,-0.21715927748287997,9.360364082180904,-24.450148430148776,0.058704378321134586,-130.31187305203315,0.17086449159030592,-5.701579403078781e-16,9.360364082180904,0.058704378321134586,0
477.7724754944882,104.59853762486858,0.3006651381708056,-0.03658381579037983,8.488668551702238,-18.883928490889925,0.053205747373502005,-140.49727111457707,0.17480269848418462,-1.7411370622416546e-15,8.488668551702238,0.053205747373502005,0
487.85209385005606,104.80707508635425,0.30116346940140093,0.13747100113921193,7.96771978019256,-12.561811797456928,0.046581552761771255,-151.0576325617253,0.18340107579953652,-9.618624216565312e-16,7.96771978019256,0.046581552761771255,0
498.14436302040525,105.12602597775711,0.3236970071547824,0.31493042377559616,7.735416811927114,-5.6745482503389635,0.03901757334900904,-162.2893278808158,0.19737719282631055,1.778027505655179e-15,7.735416811927114,0.03901757334900904,0
508.65376932311517,105.53937419862649,0.37549644667855353,0.5060740315429585,7.8026454461557595,1.6152963546770718,0.031009087034570098,-174.5471316706812,0.21708598680758878,2.867462306092192e-15,7.8026454461557595,0.031009087034570098,0
519.3848937241005,106.00282772946635,0.47501724687382796,0.7222736317536528,8.268341639357446,8.924015867005359,0.024199981035816557,171.78967738827555,0.24153337124695365,-7.251452924248606e-16,8.268341639357446,0.024199981035816557,0
530.342413834416,106.43124437727947,0.6652407282054342,0.9725426406251947,9.372564680708123,15.113695538212406,0.022605120047645783,156.4354495337102,0.2665746256073143,-4.373883613045044e-15,9.372564680708123,0.022605120047645783,0
541.5311059491905,106.7004688268662,1.0459096375773886,1.2356709311685727,11.529138929498616,17.123615538929343,0.028442399819608753,139.44111635556965,0.2836228736080101,4.013624412760469e-15,11.529138929498616,0.028442399819608753,0
552.9558471295757,106.69046513876496,1.7962280502742576,1.3086720947511046,14.587307421032115,8.965645433183543,0.03726634197220168,121.44773808975629,0.2829703187970281,7.676843218644267e-15,14.587307421032115,0.03726634197220168,0
564.621617328617,106.36427145282994,2.674862727150738,0.5001852024539892,15.18911995761281,-9.096428835760388,0.04450955909315263,103.59145673217836,0.26249529018037976,5.970689293445753e-15,15.18911995761281,0.04450955909315263,0
576.5335015619764,105.80541656178536,2.289701399593467,-0.7765883858926192,12.517516386224624,-20.62610745218798,0.04833758293073675,86.92912300150579,0.23080011792502445,-3.476384151884851e-15,12.517516386224624,0.04833758293073675,0
588.6966921244497,105.16559880659469,1.3774820603116682,-1.0260382441142109,10.171435931094463,-22.177779478347066,0.04891857806817684,71.93293903940128,0.19918390885366163,3.083370203015996e-15,10.171435931094463,0.04891857806817684,0
601.1164908532446,104.589696373507,0.8519923133950853,-0.806239572915894,8.762582631805463,-19.079419726573782,0.04717643891850666,58.488300599826744,0.1744472017856838,-1.2210424822183052e-15,8.762582631805463,0.04717643891850666,0
613.7983114390116,104.18353900062553,0.5970023082339005,-0.5379567389404224,7.957182663515707,-14.300513151846125,0.04396666898356151,46.15144796727179,0.15887233196552725,1.1952428363051837e-15,7.957182663515707,0.04396666898356151,0
626.7476817856267,104.0172397334129,0.47414668291657996,-0.2946223034545009,7.518545921717149,-8.965542396042613,0.0398397176951898,34.33711663729105,0.1529038228190835,-2.637849477915827e-16,7.518545921717149,0.0398397176951898,0
639.9702464197604,104.13613393060665,0.4225134115364832,-0.07403239501691829,7.337625247514494,-3.4671210275017916,0.03509480386256005,22.359841252118827,0.1571476038070046,-2.5475840835177386e-16,7.337625247514494,0.03509480386256005,0
653.4717689512825,104.56221254495793,0.42029318115194636,0.13690458334086325,7.394636316761686,2.0043355608637587,0.02995729298393898,9.366361793693272,0.1733467184762753,2.3078229410590635e-15,7.394636316761686,0.02995729298393898,0
667.2581345855722,105.2713349867883,0.46757844849063723,0.35147459011790244,7.757242992737123,7.028547458544641,0.025031571258361786,-5.787751130816332,0.20409288692366429,1.0293054530101828e-15,7.757242992737123,0.025031571258361786,0
681.335352688833,106.12115151224374,0.5865002136259184,0.5795427973675927,8.586139030162654,10.030004497212873,0.02245994262992804,-24.53923676955253,0.2482044258996395,2.6893912964310847e-15,8.586139030162654,0.02245994262992804,0
695.7095594075265,106.7358507508687,0.8369889096913422,0.8111265971930971,9.788272565153138,6.898992239249573,0.02547388094546885,-47.824932177041205,0.2859429841862464,-6.833912052836433e-16,9.788272565153138,0.02547388094546885,0
710.3870203430697,106.60193140300079,1.3317225182701597,0.9324198622378522,9.85899564590206,-2.7167930372184226,0.031602151053153706,-73.88925305946464,0.27726018616268905,-6.841139531909006e-17,9.85899564590206,0.031602151053153706,0
725.3741332829604,105.64620376752573,1.9934471145572237,0.5229754180353036,8.57814717773824,-7.115104251789369,0.03501029283799704,-98.20918730375365,0.2224921777718017,2.2169703600774683e-15,8.57814717773824,0.03501029283799704,0
740.6774309895219,104.36830596353404,1.9284537413764813,-0.40023169846672185,7.600650760248801,-4.8771375917596815,0.034752074458296776,-118.11646747118368,0.16577726355164368,-2.220663399663963e-15,7.600650760248801,0.034752074458296776,0
756.303584047481,103.24887090289842,1.2678263905905593,-0.7067900782252078,7.111643666738397,-0.5636611421457378,0.03255697923657308,-134.1762888407992,0.12810953666983535,-7.64064576261673e-16,7.111643666738397,0.03255697923657308,0
772.259403771622,102.52715485761809,0.8244276607099844,-0.5531160597604425,6.909640869727933,3.9156965042190905,0.029648049964730167,-148.00449468516365,0.1084950329293107,3.1202629460910245e-16,6.909640869727933,0.029648049964730167,0
788.551845175786,102.30388925130299,0.6118453772348275,-0.31248384204074325,6.882364620968726,8.09423701328935,0.026524133231018997,-161.1832913832606,0.10305837618822228,-4.8182935238386034e-17,6.882364620968726,0.026524133231018997,0
805.1880100045039,102.62297505625287,0.5283749364880947,-0.07339812977254946,6.997818679120119,11.823946479986043,0.023384664211633346,-175.33093218400012,0.11091540665722416,1.0406470135724278e-15,6.997818679120119,0.023384664211633346,0
822.1751498285898,103.45964347112508,0.5305284092191784,0.15911732572738924,7.276932181491069,14.710968775086315,0.02056348148401294,167.4402678571803,0.1344803148804036,-1.5904888943444344e-15,7.276932181491069,0.02056348148401294,0
839.5206692060441,104.54694561051765,0.6204305215004695,0.39102667980612693,7.714633811181751,15.399110671881084,0.019299226602562475,144.22885033316334,0.172738415374543,-1.1647161697397933e-15,7.714633811181751,0.019299226602562475,0
857.2321289096399,105.03735554966767,0.8447377052932498,0.6050094767901649,7.897376408354823,12.571342709734331,0.021146584819816967,113.65881098708928,0.19338817953155382,-1.0936126826883377e-15,7.897376408354823,0.021146584819816967,0
875.3172492226031,104.09206131758194,1.2796099112972004,0.6692298799277066,7.440053509173368,11.148584332118428,0.023170490188830984,81.98066085346409,0.155560919651035,-1.4454064097016321e-15,7.440053509173368,0.023170490188830984,0
893.7839133038223,102.3481939983287,1.7275661560175077,0.24087030573417756,7.046041273934367,13.641068859706083,0.022722986055311405,56.91956094544844,0.1041151118546226,-1.180992113439968e-15,7.046041273934367,0.022722986055311405,0
912.6401706240546,100.81257630555803,1.5116336917920503,-0.3856509824230957,6.915934641106529,17.09711389449031,0.021030526591871726,38.16066670465307,0.07310582807494981,-7.021270379276116e-16,6.915934641106529,0.021030526591871726,0
931.8942404746253,99.89947075681427,1.020958383430108,-0.48158307601976635,6.936422756420438,20.290214360525187,0.019088561083139735,22.516587099873732,0.05924360066441997,-5.1258285406960356e-17,6.936422756420438,0.019088561083139735,0
951.55451555015,99.717939542126,0.7333828611456877,-0.2979797826492498,7.044873047297039,23.035003695647713,0.017199682310408863,7.185872573233155,0.05681831163054316,-5.107024115636962e-16,7.044873047297039,0.017199682310408863,0
971.6295656068445,100.26310451769584,0.6222595870346037,-0.06199517975677856,7.224829219120634,25.212686519558297,0.015498585240479453,-10.63878732657895,0.06441764177686272,-1.3837404746027104e-17,7.224829219120634,0.015498585240479453,0
992.1281411980123,101.29271710000032,0.6344597201816103,0.17540445186599715,7.4532724506465975,26.374073974546587,0.014357929287261493,-34.62845314106153,0.08165185961387247,4.3246389072758956e-16,7.4532724506465975,0.014357929287261493,0
1013.0591774883399,101.86337266468222,0.7753077235949898,0.3941897227395231,7.563075003092238,26.206211190367558,0.014436604486175578,-67.40223289775724,0.09311757055428499,-8.764006292940713e-16,7.563075003092238,0.014436604486175578,0
1034.4317981486645,100.84331687316002,1.0905613709300805,0.5061066952080899,7.435717460880976,26.83022287231729,0.014754336663616491,-102.22537609090762,0.07362512709927604,1.155117200469735e-15,7.435717460880976,0.014754336663616491,0
1056.2553193329077,98.9722984509519,1.4684269656052638,0.26041050063950344,7.366940315218821,29.01085155600772,0.014078202774897198,-129.50643605153527,0.04785465783122484,-6.568608562711618e-17,7.366940315218821,0.014078202774897198,0
1078.5392537389134,97.47269871803567,1.387284668416728,-0.22899059765765858,7.423479108173707,31.354468601215387,0.012966420468910701,-150.11270064558477,0.033881625827588926,-3.765780684507347e-16,7.423479108173707,0.012966420468910701,0
1101.2933147549563,96.78164907441504,1.0043898799569635,-0.34074476020704547,7.547867556762251,33.40432192967368,0.011837252122069488,-168.32091404007463,0.028897433809818063,7.44182606449146e-17,7.547867556762251,0.011837252122069488,0
1124.5274206937281,96.9488823734792,0.7661129146644076,-0.18017504695412612,7.7114503353382675,35.09228012363994,0.010816092376845401,171.97951918790034,0.030031886057948806,6.695659963626375e-16,7.7114503353382675,0.010816092376845401,0
1148.2516991156535,97.72964358389487,0.7011583649100241,0.04300576937709673,7.891567769593787,36.28773760104237,0.010034993280337695,146.60136440550696,0.03594667528483656,-3.1384682002791684e-16,7.891567769593787,0.010034993280337695,0
1172.476491243411,98.19021874255334,0.7845140314615203,0.25497960131031916,8.015491146215982,36.986847234336786,0.009700359488594549,112.64471398484466,0.039968352269692996,-7.216089019921255e-16,8.015491146215982,0.009700359488594549,0
1197.2123564695885,97.20926255446525,1.026291818465392,0.3677597395023882,8.05151037768845,38.048934144936496,0.00948043018945874,76.38796117347431,0.03188751130962345,-6.112258666686321e-16,8.05151037768845,0.00948043018945874,0
1222.4700769594383,95.48805308955369,1.3098117470427784,0.19326565850783983,8.124797256602854,39.663884609420066,0.008935760413090497,47.052653171271686,0.021453575309029922,-9.144308134089658e-18,8.124797256602854,0.008935760413090497,0
1248.260662350737,94.22959200882806,1.2469342332002924,-0.15364063057489205,8.258186674866778,41.256508805114635,0.008260794714506442,23.54445315998646,0.016056599359263582,3.616626193992313e-16,8.258186674866778,0.008260794714506442,0
1274.595354552798,93.83870267018828,0.9651841927363114,-0.21756046655630995,8.423526252620713,42.646584172866376,0.007614070654544992,1.0172247941717387,0.014674544758746823,2.0340191181876158e-16,8.423526252620713,0.007614070654544992,0
1301.4856326467273,94.19959031966553,0.8032073777316039,-0.06837622642145025,8.601501429994775,43.792950479578124,0.0070636214825175,-25.27022099935607,0.015946060304623467,9.807787887028186e-17,8.601501429994775,0.0070636214825175,0
1328.9432178890672,94.6029000740784,0.8055452075043741,0.12217461019113282,8.762356046558393,44.708513701933455,0.006677973465212941,-58.88344929583752,0.017497837444836357,-1.8159503318815713e-16,8.762356046558393,0.006677973465212941,0
1356.9800788209955,93.97718250849232,0.9571707210101906,0.24761073740292017,8.886817541773274,45.68902433237066,0.006388529258226346,-96.50482692012088,0.015149999588875075,5.455943535561419e-16,8.886817541773274,0.006388529258226346,0
1385.6084364853157,92.56169571020803,1.1675580182510263,0.17282463593771544,9.02297641671398,46.88424165786539,0.006017752623830691,-129.73178781470972,0.010936136977438452,-5.718930826339438e-18,9.02297641671398,0.006017752623830691,0
1414.840769753514,91.44603520726056,1.1711779949355159,-0.057997821596989595,9.190597091988398,48.06918509016764,0.005598561993712229,-157.9683981497385,0.008458588370525103,-2.919439106096713e-16,9.190597091988398,0.005598561993712229,0
1444.6898207651975,91.07350685035156,0.9877004712488362,-0.12747521091426706,9.376050358884104,49.138322278957716,0.005200822871937826,174.23655524504795,0.0077632765141534815,1.0243713079770522e-16,9.376050358884104,0.005200822871937826,0
1475.1686004822907,91.21937526361074,0.871858466652495,-0.024740129403585758,9.56520841107449,50.08071897704715,0.004859472188665499,142.40065420163114,0.008028453504436015,4.520043003136585e-17,9.56520841107449,0.004859472188665499,0
1506.2903943604115,91.13265374280056,0.8918233885154428,0.10761595371264263,9.744291866289636,50.957304288831345,0.004583587467881345,105.12563746097169,0.007869728404231304,-4.6909905431917714e-17,9.744291866289636,0.004583587467881345,0
1538.0687681398902,90.29658743582195,1.0129033290562914,0.15748827431260765,9.918722713586735,51.88197503961406,0.004325044765032646,66.96807635539324,0.00649162036152617,6.96078988322162e-18,9.918722713586735,0.004325044765032646,0
1570.5175737589725,89.22047304961858,1.1091597369073398,0.06719730015812027,10.106371087178886,52.83499652478577,0.004051377341086835,32.10652804354595,0.005066892323107442,-3.949674601013144e-16,10.106371087178886,0.004051377341086835,0
1603.650955391765,88.51486215030421,1.062396544019688,-0.04477906530589416,10.307664678388543,53.74556411009971,0.0037818328508808724,-0.9458158822515088,0.004307056662206327,3.492195763587715e-16,10.307664678388543,0.0037818328508808724,0
1637.4833556135668,88.25418496155356,0.960908849121761,-0.04601545733954955,10.515965619874457,54.59450652336307,0.0035343419474938203,-35.514296947488276,0.004056139344842879,-1.0025331047599072e-16,10.515965619874457,0.0035343419474938203,0
1672.029521696275,88.10637394875482,0.9180925439799964,0.02949271395527352,10.725552234003812,55.395324199380816,0.003315186513511554,-73.63033557903714,0.003920412498483249,2.372601620889507e-16,10.725552234003812,0.003315186513511554,0
1707.3045120365998,87.62909783206119,0.9594463460953448,0.10269454631030459,10.934822492947848,56.182062907873295,0.0031177160926109866,-114.48099818919064,0.0035124014956269267,2.723581854678147e-16,10.934822492947848,0.0031177160926109866,0
1743.3237027198998,86.73535461946513,1.0524773225370778,0.09961845234152543,11.149059477795031,56.97505013167181,0.0029270902592243055,-154.91989970045927,0.0028591032036087644,1.5729833661401724e-16,11.149059477795031,0.0029270902592243055,0
1780.1027942224923,85.84268434946935,1.0861715660777775,-0.002577633626506268,11.373170407052179,57.75582880081096,0.002738933271162151,166.92612294678156,0.002327891878443434,-9.119025440107241e-17,11.373170407052179,0.002738933271162151,0
1817.6578182553692,85.42084299157366,0.9887340618571043,-0.06562541744660211,11.60619869367285,58.49963942908094,0.002560045442528352,129.2872611537823,0.0021124122112757566,2.2612869802412927e-16,11.60619869367285,0.002560045442528352,0
1856.0051447522878,85.42470515930219,0.9001777403218195,0.013359108593051408,11.843149714378612,59.198592647818415,0.0023993783369376377,87.82798113636034,0.002114291608631199,-1.8284928034781218e-16,11.843149714378612,0.0023993783369376377,0
1895.1614890052947,84.9716167328865,0.9556813002536289,0.13284651816883447,12.07906471055178,59.882132733247225,0.0022578742738887823,41.28740094512307,0.0019048292155496205,-3.037196138913428e-16,12.07906471055178,0.0022578742738887823,0
1935.143918950787,83.73975386799685,1.1155816944987171,0.09085428448297526,12.321444207706003,60.58026057644091,0.0021183096478446088,-2.944360580155717,0.0014343982840141311,-1.1817251494429064e-16,12.321444207706003,0.0021183096478446088,0
1975.9698626092907,82.94653660219527,1.062937593441495,-0.09567586586901658,12.575783552317406,61.257087503717706,0.0019793552369436144,-42.410021047214286,0.001194945313798811,5.834352502113818e-16,12.575783552317406,0.0019793552369436144,0
2017.6571156821924,83.15416923606107,0.8827048944958039,-0.04084442622797772,12.836671754654647,61.88857000954097,0.0018524623869661768,-85.0805355520464,0.0012534623503949475,4.669060079251846e-16,12.836671754654647,0.0018524623869661768,0
2060.2238493087457,82.9628926917386,0.9160575970161254,0.14547392141718396,13.095905003205688,62.497551188556365,0.001743981071835611,-136.79830369202455,0.0011994541167921016,-3.270930062814869e-16,13.095905003205688,0.001743981071835611,0
2103.6886179867197,81.45287939774379,1.1455786764047906,0.11217812427262003,13.361392404574387,63.12599267270151,0.0016367577419171403,174.77517533184948,0.000847192904914829,-4.933837601250828e-16,13.361392404574387,0.0016367577419171403,0
2148.0703676601634,80.69999870401742,1.0520296986935525,-0.1345674505532824,13.639470759225265,63.732399291314536,0.0015293807791108074,133.4908811006652,0.0007123513318284169,1.4101826308041194e-16,13.639470759225265,0.0015293807791108074,0
2193.388443977786,81.22654229801526,0.8485811051387749,-0.011988227304498068,13.922935457112612,64.29754262758014,0.0014330485035084902,85.91067290643446,0.0008041713564018403,-2.0425792710937377e-16,13.922935457112612,0.0014330485035084902,0
2239.66260072557,80.56868224545697,0.9708467436869829,0.19081289532725926,14.20532606917448,64.85679211313519,0.001349627424630811,28.56556839725681,0.0006911345352653264,6.517522728029888e-17,14.20532606917448,0.001349627424630811,0
2286.91300843729,78.94504567274129,1.1855469679342192,-0.002148247705980263,14.498493674293824,65.42453747518611,0.0012640123845462118,-19.329782021844267,0.00047555301285060505,-2.572035061822617e-17,14.498493674293824,0.0012640123845462118,0
2335.1602631866845,78.95582220054004,0.9264206579018402,-0.12551469029691567,14.801717426783505,65.96143688893882,0.0011821292606004124,-64.26101006607178,0.00047673450929100507,1.242057391506571e-16,14.801717426783505,0.0011821292606004124,0
2384.4253955651216,79.27831905025539,0.8699101316598928,0.11528743651246802,15.106677277495185,66.47245150280504,0.001111471858699115,-122.49288367854967,0.0005134832427877629,-3.545135525458088e-16,15.106677277495185,0.001111471858699115,0
2434.729879848661,77.59948349345615,1.1449747358430695,0.12688167188473592,15.417297744653272,66.99407939381601,0.0010436816587749496,-178.86698002273494,0.0003488532068039758,1.225588368697521e-16,15.417297744653272,0.0010436816587749496,0
2486.0956433585247,76.991552908474,1.0202039577870712,-0.14102566641219264,15.73949038156008,67.49790901781857,0.0009764250379106446,134.11096598591882,0.0003032841129233416,3.3905288091007745e-16,15.73949038156008,0.0009764250379106446,0
2538.5450760190356,77.56840562389434,0.8569008094704555,0.04820428125801427,16.0665109024092,67.97568988126606,0.0009165718314682329,76.3275895947686,0.00034636574350929136,1.7892990311181616e-16,16.0665109024092,0.0009165718314682329,0
2592.101040117208,76.18932852083772,1.085097103507738,0.1513309103027312,16.397938249041736,68.4556209291815,0.0008613581408995837,14.422709655620906,0.00025213156660382625,2.0885566855487705e-16,16.397938249041736,0.0008613581408995837,0
2646.7868802682347,75.33321022719329,1.053150304606444,-0.11404492885416911,16.74043547939337,68.92446682888328,0.0008065108079411666,-36.72464761136382,0.00020702147231773345,-2.720938803050575e-16,16.74043547939337,0.0008065108079411666,0
2702.626433591217,75.80753403016514,0.8763356941678047,0.02918928495202189,17.089146724426733,69.37208648560755,0.0007568434166928442,-96.70421028394759,0.00023091267544784333,1.2575255762135228e-16,17.089146724426733,0.0007568434166928442,0
2759.6440400995743,74.57831289143175,1.0691916191415298,0.12495041576692131,17.443389065383673,69.81754052373581,0.0007110070404418253,-161.47455431767958,0.00017399054935411863,6.005962458441946e-16,17.443389065383673,0.0007110070404418253,0
2817.864553310664,73.83898858853881,1.0317373169986637,-0.08885334057867794,17.807893269080665,70.25258558735099,0.0006661956775721276,142.8238224578572,0.00014675510891157622,-3.89036663505909e-16,17.807893269080665,0.0006661956775721276,0
2877.3133510792195,74.0643493277411,0.9077844633780549,0.04455540452880667,18.17910593406695,70.67171030431169,0.0006253600987753737,78.31607384802965,0.00015457145783519464,-1.094871148842215e-16,18.17910593406695,0.0006253600987753737,0
2938.0163466593676,72.87162115105106,1.0723725376981057,0.07502521975552032,18.557545219775093,71.08681362084907,0.0005871190458650994,11.97686849882757,0.00011745093685588692,-1.7932805399068958e-16,18.557545219775093,0.0005871190458650994,0
3000,72.41714385893033,0.9933754499884113,-0.059301590688389964,18.945555250303975,71.4908214940452,0.000550466311401902,-49.087126547008666,0.00010578126495410759,4.572743623812488e-16,18.945555250303975,0.000550466311401902,0
