frequency_hz,spl_db,za_real_normalized,za_imag_normalized,ze_ohm,ze_phase_deg,excursion_peak_mm,phase_deg,mouth_power_w,power_relative_residual,ze_ohm_Nd,excursion_peak_mm_Nd,port_velocity_peak_ms_Nd,ze_ohm_ME1,excursion_peak_mm_ME1,port_velocity_peak_ms_ME1
20,71.54810772858943,0.00023592541794482401,0.19648455822279695,6.892697265314321,27.501939207102787,0.785343259716079,151.30114801563866,0.00008659745784641106,1.2494782062975115e-16,6.892697265314321,0.785343259716079,0,5.697671994199666,0.4463519227408686,0.4948423769606615
20.42194219518969,71.92675814105216,0.00024710732160216747,0.20086002292127808,6.937438583514995,28.096627308301926,0.7846077077547078,150.66337663167565,0.00009448659187708572,-2.85161116781862e-17,6.937438583514995,0.7846077077547078,0,5.723724353155771,0.4468060894816067,0.5058511667910612
20.85278615118345,72.30605093082207,0.000258871051770687,0.20534348743928307,6.984777837700099,28.704725901432955,0.7838367818046199,150.00997117581687,0.00010310968575884412,3.4448326702373017e-17,6.984777837700099,0.7838367818046199,0,5.75137105787215,0.4472691178530292,0.5171170445264222
21.292719669406033,72.68600933746879,0.0002712516025063192,0.2099383383049698,7.034903120585043,29.326560528397607,0.7830285469305094,149.34045178818212,0.00011253699231866723,-3.371843410318192e-16,7.034903120585043,0.7830285469305094,0,5.7807321742826865,0.4477404753224301,0.5286457294202057
21.741934513349428,73.06665712150411,0.0002842864976517872,0.2146481162261783,7.088020163666598,29.96246387652493,0.7821809384076509,148.65431791230662,0.00012284573479060673,1.8958165086076108e-16,7.088020163666598,0.7821809384076509,0,5.811939099483149,0.4482195272497298,0.540442936225251
22.200626492161085,73.4480185308737,0.0002980160115599645,0.21947652604542287,7.1443544458632555,30.612775470968597,0.7812917507664942,147.95104710250735,0.00013412082719476337,8.139854185638064e-18,7.1443544458632555,0.7812917507664942,0,5.8451358862220095,0.44870552550489706,0.5525143509652969
22.668995545995525,73.83011825915075,0.00031248341253469234,0.22442744750976096,7.204153611598835,31.277841235190518,0.7803586257367179,147.23009375351103,0.0001464556720764676,-1.7622759841615423e-16,7.204153611598835,0.7803586257367179,0,5.880480755269825,0.44919759596130066,0.5648656028215637
23.147245833166657,74.21298139421519,0.0003277352316787171,0.2295049469347934,7.267690252398878,31.958012888130092,0.7793790389703099,146.49088774769393,0.00015995304409147093,-2.5568754342310594e-17,7.267690252398878,0.7793790389703099,0,5.9181478273938755,0.4496947247571473,0.5775022316247226
23.635585819138743,74.59663335602575,0.00034382156019763385,0.23471328985076512,7.3352651170970296,32.65364713939902,0.7783502854102214,145.73283301516904,0.0001747260688286928,3.898435127227492e-17,7.3352651170970296,0.7783502854102214,0,5.958329112931621,0.4501957432071136,0.5904296503797893
24.134228367394833,74.98109982192054,0.0003607963786235982,0.2400569547289974,7.407210829364779,33.365104634792196,0.7772694631567134,144.95530600191273,0.00019089930725008954,-1.6690447744493149e-16,7.407210829364779,0.7772694631567134,0,6.001236804649306,0.4506993112352939,0.6036531021810999
24.643390832222224,75.3664066376692,0.00037871792189906966,0.24554064789815658,7.483896208174801,34.092748593085965,0.7761334556678106,144.15765404112335,0.00020860995719809358,-2.355831666021015e-17,7.483896208174801,0.7761334556678106,0,6.047105929059106,0.45120389918855475,0.6171776107956654
25.163295153455493,75.7525797122648,0.0003976490848114392,0.25116931977275286,7.565731307886658,34.83694306088369,0.774938912113308,143.3391936230994,0.00022800918457515328,-1.5608284771029722e-16,7.565731307886658,0.774938912113308,0,6.096197423127872,0.451707767876721,0.6310079241055174
25.694167953218248,76.1396448941871,0.0004176578729063804,0.25694818253094515,7.653173321083213,35.59805069432894,0.7736822256832969,142.49920855911682,0.000249263598034333,1.22945782106786e-16,7.653173321083213,0.7736822256832969,0,6.148801717961512,0.4522089466723009,0.6451484495016984
26.23624063470592,76.52762782657632,0.0004388179047459571,0.26288272939543467,7.746733520643991,36.37642995377624,0.7723595096325975,141.63694803510907,0.0002725568823270302,-6.346516388841839e-17,7.746733520643991,0.7723595096325975,0,6.205242929403094,0.452705209487957,0.6596031802136864
26.78974948305256,76.91655377842253,0.0004612089722335954,0.2689787556899316,7.846985459883562,37.17243156852155,0.7709665708213531,140.7516245514572,0.0002980916068205412,2.897978121591242e-16,7.846985459883562,0.7709665708213531,0,6.265883778606972,0.4531940484346687,0.6743756114372113
27.35493576832561,77.30644744851534,0.00048491766672663133,0.2752423818656034,7.954574703678324,37.986394091562374,0.7694988804902588,139.84241174588783,0.0003260912271050359,1.132751430820336e-16,7.954574703678324,0.7694988804902588,0,6.331131394963272,0.4536726449476772,0.689468644989739
27.932045850693626,77.69733273849249,0.000510038079820239,0.28168007871651946,8.070230433082205,38.818638316447895,0.7679515419858547,138.90844209744932,0.00035680229902547433,1.0751621580595254e-16,8.070230433082205,0.7679515419858547,0,6.401444191138604,0.45413783815117303,0.7048844810756822
28.521331287812664,78.0892324908697,0.0005366725890465395,0.28829869503142924,8.194779356071114,39.66946026611065,0.7663192551283406,137.9488045108102,0.0003904969258553574,3.75597741703735e-16,8.194779356071114,0.7663192551283406,0,6.4773400480178465,0.45458609021632124,0.7206244955814376
29.123048944478267,78.48216818743627,0.0005649327403270391,0.2951054879617793,8.329162474718531,40.53912238226884,0.7645962768911734,136.9625417818079,0.00042747546061593523,1.40940567566397e-16,8.329162474718531,0.7645962768911734,0,6.559406109440688,0.4550134484516112,0.7366891011440804
29.737461104590764,78.87615960285504,0.0005949402408896569,0.30210815642348143,8.474455413941044,41.42784243689512,0.7627763780398533,135.94864794732393,0.0004680694866538732,-1.0237682650356865e-16,8.474455413941044,0.7627763780398533,0,6.648310567561618,0.45541550384973656,0.7530775900458644
30.364835585482716,79.27122440770509,0.0006268280785666396,0.30931487789302947,8.631893222453922,42.33577954497811,0.7608527953574767,134.90606552530198,0.0005126451004108653,3.6336710493534003e-16,8.631893222453922,0.7608527953574767,0,6.744816925979084,0.4557873458028243,0.7697879567812651
31.005445854658348,79.66737771454555,0.0006607417859936758,0.31673434900854636,8.802900831812348,43.26301646711394,0.7588181790683399,133.8336826541838,0.0005616065207020545,-3.233696734447231e-17,8.802900831812348,0.7588181790683399,0,6.849801368618352,0.4561235126881916,0.7868166979239336
31.65957114899583,80.0646315598924,0.000696840871314756,0.32437583044448115,8.989130731644098,44.20953713243535,0.7566645350605051,132.73033014532757,0.0006154000485772051,1.224908326512961e-16,8.989130731644098,0.7566645350605051,0,6.96427405062152,0.4564179380225134,0.8041585866917714
32.3274965964644,80.46299431423952,0.0007353004406566686,0.332249196595772,9.192509927816634,45.175197959548676,0.7543831615058458,131.5947784673126,0.0006745184007138361,3.840843912495062e-17,9.192509927816634,0.7543831615058458,0,7.089405381590422,0.45666389188456574,0.8218064193718507
33.00951334040938,80.8624700114824,0.0007763130419960691,0.34036499068591,9.415298953064642,46.159691065270074,0.751964579485544,130.42573468758815,0.0007395054369703537,-5.24887342375133e-16,9.415298953064642,0.751964579485544,0,7.226558717998068,0.4568539173184364,0.8397507305292949
33.70591866645916,81.26305758828694,0.0008200907652462936,0.34873448600491347,9.660166682239614,47.16249676809227,0.7493984572542999,129.2218394049271,0.0008109612987968768,-3.3660778730344156e-16,9.660166682239614,0.7493984572542999,0,7.377331359243871,0.45697976145426833,0.8579794736952334
34.41701613210971,81.66475002314124,0.0008668676396249552,0.3573697540905386,9.930286095932832,48.182821824941335,0.746673527823318,127.98166371588957,0.0008895479691536801,6.310683627116859e-16,9.930286095932832,0.746673527823318,0,7.543606408148931,0.4570323011254009,0.8764776640185322
35.143115699042774,82.06753336403585,0.000916902376854922,0.36628374079224985,10.229458134276518,49.2195184468465,0.7437774996172565,126.70370627023692,0.000975995255778973,3.4715723924979e-16,10.229458134276518,0.7437774996172565,0,7.727618998069157,0.4570014628257853,0.8952269791929824
35.88453386823574,82.471385632996,0.0009704815177810266,0.37549035130584085,10.562273694509777,50.270977104307725,0.7406969600722824,125.3863904843447,0.001071107187294102,5.50236408331353e-16,10.562273694509777,0.7406969600722824,0,7.932041737102999,0.4568761369458048,0.9142053148571112
36.64159381792185,82.87627559509002,0.0010279230509125576,0.38500454544256535,10.934328138155857,51.334983110232514,0.7374172722020174,124.02806199845463,0.001175768794777255,7.354083210785949e-16,10.934328138155857,0.7374172722020174,0,8.160096179770452,0.4566440863565132,0.9333862906377862
37.414625544460996,83.28216137911257,0.0010895805846602583,0.3948424446042219,11.352509172640113,52.40852239431081,0.7339224643775892,122.62698648351784,0.0012909532289207375,5.771577227085966e-16,11.352509172640113,0.7339224643775892,0,8.415700031570763,0.45629184959235075,0.9527387031110115
38.203966006182505,83.68898893702828,0.0011558481712024857,0.4050214521839825,11.82538895517813,53.4875148214712,0.7301951138637627,121.18134792673015,0.0014177291333651032,5.792694470184146e-17,11.82538895517813,0.7301951138637627,0,8.703664143508448,0.45580463912205593,0.9722259222327694
39.00995927026255,84.09669032953923,0.0012271658996770667,0.41556038940777107,12.363766923933124,54.566442262819606,0.7262162250419751,119.68924755207706,0.0015572681567004813,3.840080276785472e-16,12.363766923933124,0.7262162250419751,0,9.02996002088674,0.4551662355119803,0.9918052283149433
39.832956662700305,84.50518182598755,0.0013040264006725054,0.4264796489853888,12.981434984146075,55.63782060638641,0.7219651037553199,118.14870356358904,0.0017108524371851116,6.557640743994744e-16,12.981434984146075,0.7219651037553199,0,9.402089001176268,0.4543588786910737,1.0114270874643925
40.673316921458074,84.9143618084232,0.0013869824339228507,0.4378013693663167,13.696278009362631,56.691434957579915,0.7174192298529302,116.55765193471484,0.001879881833551816,-1.5828240336857209e-16,13.696278009362631,0.7174192298529302,0,9.829600953177927,0.453363158042234,1.0310343646675102
41.53140635283238,85.32410847229634,0.0014766557681819051,0.44954963290917466,14.53189251781894,57.713206031890486,0.7125541308183554,114.91394850736856,0.002065880600404031,2.955164588318605e-16,14.53189251781894,0.7125541308183554,0,10.324837766350653,0.45215790369051084,1.0505614755057224
42.407598991123834,85.7342773201506,0.0015737476083665313,0.4617506918966305,15.520028235574292,58.68346502306818,0.7073432603647711,113.21537270846193,0.0022705031158062362,3.346581513489618e-16,15.520028235574292,0.7073432603647711,0,10.904023201083,0.4507200821570596,1.0699334799712432
43.30227676167578,86.14469845026166,0.0016790508826963198,0.4744332270855663,16.704376869732627,59.57424746089286,0.7017578870959199,111.4596332394998,0.0024955381603082444,-4.287151193305578e-16,16.704376869732627,0.7017578870959199,0,11.588901353666891,0.449024700519598,1.089065125178129
44.21582964735243,86.55517364981527,0.0017934647749595087,0.4876286444099177,18.146642875162396,60.34489664270155,0.6957669997875722,109.64437614476242,0.0027429111201673437,6.017595128177443e-16,18.146642875162396,0.6957669997875722,0,12.409271585858697,0.44704472438443305,1.1078598481123465
45.148655858529295,86.96547331230312,0.0019180119784252482,0.5013714165909495,19.93662863964235,60.9346230337419,0.6893372375532568,107.76719571380272,0.0030146833435936056,-1.3750398707883783e-15,19.93662863964235,0.6893372375532568,0,13.407040986716162,0.444751016343151,1.126208755124203
46.101162006669874,87.37533321193058,0.0020538592639427478,0.5156994778154897,22.209679609477558,61.249295639281414,0.6824328551192508,105.8256487212393,0.003313047720315404,1.995580006105998e-15,22.209679609477558,0.6824328551192508,0,14.64295106577664,0.44211230316014627,1.1439896018250666
47.07376328156437,87.78445118434506,0.0022023421028516564,0.5306546813850298,25.178215323163588,61.136639562672016,0.6750157356210607,103.81727254678754,0.0036403193875381313,3.974865614011674e-15,25.178215323163588,0.6750157356210607,0,16.20823769061708,0.4390951816961773,1.1610658055640022
48.06688363230752,88.19248378337308,0.002364994275472058,0.5462833324114021,29.191264634031484,60.33649846382574,0.6670454656852995,101.73960774509692,0.00399892029977093,3.1718499890377945e-15,29.191264634031484,0.6670454656852995,0,18.24587428180609,0.4356641754728111,1.177285532827431
49.08095595209468,88.59904300797044,0.002543583641622528,0.5626368103603089,34.85023288270211,58.373330248967456,0.6584794899655294,99.59022564025429,0.004391356252085079,2.5268595812295173e-16,34.85023288270211,0.6584794899655294,0,20.99151603972728,0.4317818557369639,1.19248091571021
50.11642226691645,89.00369322226044,0.002740155569106094,0.5797722996805275,43.22447517078508,54.305453616421985,0.6492733645789431,97.36676149383459,0.004820184839417565,-4.046049895684911e-16,43.22447517078508,0.6492733645789431,0,24.85726471751851,0.4274090427559937,1.2064674648586238
51.173733928234256,89.40594842405721,0.0029570859344918397,0.5977536511199586,56.0825199963945,46.120271690830734,0.6393811307805247,95.0669537258857,0.0052879728003344065,1.8263925842148306e-15,56.0825199963945,0.6393811307805247,0,30.61124423092041,0.4225051046573072,1.2190437605337858
52.25335180972088,89.80527005265229,0.003197146162356745,0.6166524019020058,74.40115092947617,29.63937882610057,0.6287558313497785,92.68868954146228,0.0057972412729810135,-1.0715205886394534e-15,74.40115092947617,0.6287558313497785,0,39.74384815450324,0.41702837213807536,1.2299915178803655
53.35574650815151,90.20106556329047,0.003463583502663508,0.6365489901049691,86.7925697161969,1.0161830426427465,0.6173501920828133,90.23005711618396,0.00635039773309402,2.769205692082607e-15,86.7925697161969,0.6173501920828133,0,54.684065920675344,0.4109366874394937,1.2390761358472977
54.48139854853323,90.59268803092982,0.003760220728859652,0.6575342078761905,73.79191824216014,-28.345383205022912,0.60511748890627,87.6894042082647,0.006949653843758182,-1.726910158823895e-15,73.79191824216014,0.60511748890627,0,72.5537239333778,0.40418810465068167,1.2460478496868534
55.63079859356185,90.97943707575402,0.0040915807677684435,0.6797109502412318,54.03277396654842,-45.573546932031995,0.5920126168104605,85.06540267975856,0.007596929178785964,-2.958343287174888e-17,54.03277396654842,0.5920126168104605,0,67.6280067914836,0.39674175515899546,1.250643612156419
56.804447657498,91.36056142241222,0.004463043584430815,0.7031963322376551,40.22562733214363,-53.88224273016157,0.5779933693719222,82.35711792002019,0.008293741830974154,1.2895618931611913e-15,40.22562733214363,0.5779933693719222,0,47.73502947208249,0.3885588863565541,1.252589825511257
58.00285732455512,91.7352634077764,0.004881045140878776,0.7281242683088297,31.344400285266218,-57.66089324459043,0.5630219265191279,79.56408157375847,0.009041088303539013,-6.79921990064856e-17,31.344400285266218,0.5630219265191279,0,33.94539736180649,0.37960407306467797,1.2516060317619295
59.22654997189498,92.102705731048,0.005353331721259026,0.7546486363204974,25.413008770063318,-59.06406507200933,0.5470665330402856,76.68636530266656,0.009839316785913266,-1.3771425843001177e-15,25.413008770063318,0.5470665330402856,0,25.64240833660846,0.36984658924059544,1.2474096390964635
60.47605899732765,92.46202068804897,0.005889287803487767,0.7829471870462583,21.25092424649422,-59.097249774632225,0.5301033312109771,73.72465259133901,0.010687999849314886,-1.9184226879640002e-16,21.25092424649422,0.5301033312109771,0,20.36909087765294,0.3592619124002033,1.2397217149889477
61.75192905181533,92.8123220422454,0.006500362617726651,0.8132264126242188,18.203067218403064,-58.266813850568084,0.5121182885360468,70.68030490516844,0.01158581459818872,1.7073422366918519e-15,18.203067218403064,0.5121182885360468,0,16.796679945494294,0.34783331533689804,1.228273809821076
63.05471627688138,93.15271955476095,0.007200630570085603,0.845727660359658,15.893462988044504,-56.85047185612035,0.49310913748192364,67.55541790374059,0.012530440126631986,-9.828491996771539e-16,15.893462988044504,0.49310913748192364,0,14.246142938594552,0.33555348030277293,1.2128156896150561
64.38498854702789,93.48233602495637,0.008007535387133538,0.8807348803413657,14.095316468630791,-55.012584011984366,0.4730872206810049,64.35286301106589,0.013518483419207139,1.205347569101391e-15,14.095316468630791,0.4730872206810049,0,12.350050919079255,0.3224260517585834,1.1931237567606405
65.7433257172677,93.80032648887236,0.008942889617029649,0.9185845402766147,12.66514954737879,-52.85713614733698,0.4520791157546242,61.076309556131264,0.014545445221015973,0,12.66514954737879,0.4520791157546242,0,10.896025781618901,0.3084670277327226,1.1690098314357125
67.13031987587843,94.10589899902445,0.010034233966203416,0.9596784496713505,11.50831515199295,-50.4539798732368,0.4301279025529675,57.730223029501985,0.01560573651607644,-7.70894325194061e-16,11.50831515199295,0.4301279025529675,0,9.75393106292985,0.2937058799192637,1.1403298658959518
68.54657560248914,94.39833618745438,0.011316711346163041,1.0045005407675305,10.56009243782459,-47.85270219968931,0.4072939362089463,54.31983583019655,0.016692753834299467,-1.9125326041089044e-16,10.56009243782459,0.4072939362089463,0,8.840008690272132,0.2781862921601269,1.1069920844022563
69.99271023161167,94.67701662230272,0.01283568931760668,1.0536391077927658,9.774840654705828,-45.09035981410059,0.38365500514853706,50.851088224637806,0.017799017597464495,6.714377963217208e-16,9.774840654705828,0.38365500514853706,0,8.098092242762755,0.26196641867422454,1.0689640001850924
71.46935412173177,94.94143483699403,0.01465049046482564,1.1078166942902152,9.119512458922314,-42.19597758087692,0.3593057856367935,47.33053905424515,0.018916372342161925,2.97823650743148e-16,9.119512458922314,0.3593057856367935,0,7.48919927271601,0.24511858893220195,1.0262777730527903
72.97715093007741,95.19121886850104,0.016839795835926874,1.1679308826468737,8.569628692849754,-39.19324678212098,0.3343565526959613,43.765247873492285,0.020036241471599006,-6.842125571552695e-16,8.569628692849754,0.3343565526959613,0,6.9854771003207485,0.22772842534210855,0.9790334479175499
74.51675789318372,95.42614420691791,0.019509631107002882,1.2351109234012838,8.106698326295087,-36.10217516523633,0.308931167682277,40.16263245962148,0.021149923014934124,8.465536167247947e-16,8.106698326295087,0.308931167682277,0,6.566529444821104,0.2098933909850412,0.9273997591140747
76.08884611337716,95.64614323869412,0.022805438924833936,1.3107978718071414,7.716517170392444,-32.940103961971616,0.2831644294377803,36.530307739569594,0.022248907685795655,4.703099659711836e-16,7.716517170392444,0.2831644294377803,0,6.217105109246439,0.19172084438306564,0.8716123931753414
77.69410085130359,95.85130954924496,0.02693079707704158,1.3968604508595261,7.388018006015566,-29.72233272451146,0.25719894159171836,32.87591384882762,0.023325197253977775,7.669244336529496e-17,7.388018006015566,0.25719894159171836,0,5.925597290718269,0.1733257441546593,0.8119698633965801
79.33322182462801,96.04189680898995,0.03217728872594697,1.4957666905300728,7.112476601086784,-26.462498449505787,0.23118170725613282,29.206942032673624,0.024371600531422274,1.1924123252636536e-17,7.112476601086784,0.23118170725613282,0,5.683042397089488,0.15482822036669833,0.7488274555022546
81.00692351303572,96.21831235866937,0.038973766262779146,1.6108453499450917,6.882953333647107,-23.172801959025083,0.20526071275792082,25.53056727385001,0.025381986341406565,2.4698609155321093e-16,6.882953333647107,0.20526071275792082,0,5.48243627262563,0.13635132627877103,0.6825900682698283
82.7159354696684,96.38110598745442,0.04797075756003728,1.7466970331066656,6.6938944474228235,-19.864142598704532,0.17958181404668927,21.8534958553804,0.02635147739544841,8.531594894506079e-17,6.6938944474228235,0.17958181404668927,0,5.318257735977777,0.11801945263166126,0.6137052694249899
84.46100263913041,96.53095471585368,0.06019168305370073,1.9098652831383525,6.540843823388746,-16.54620217588517,0.15428632905004272,18.181834643310367,0.027276575303747858,4.700305565360918e-16,6.540843823388746,0.15428632905004272,0,5.186130931276862,0.09995827015187836,0.5426587462887504
86.24288568220429,96.66864462023602,0.07731850734115985,2.1099813855330356,6.420232873408591,-13.227505596386326,0.12950997404561215,14.520986907849647,0.028155213973119243,5.676437994540125e-16,6.420232873408591,0.12950997404561215,0,5.082582792542652,0.08229811058270108,0.4699762214756932
88.06236130741641,96.79505084842629,0.10226699948119505,2.3618231768790983,6.329226846821794,-9.915476208386513,0.1053845056367356,10.875577262180741,0.028986745337420274,2.4517688800764825e-16,6.329226846821794,0.1053845056367356,0,5.004867139207225,0.06518597294799776,0.3962408679336917
89.92022260959835,96.91111697537914,0.14044039437821565,2.689264331428096,6.265612846131028,-6.616497042332229,0.08204593165079965,7.249406065844141,0.029771866831578647,-9.437335066084089e-17,6.265612846131028,0.08204593165079965,0,4.95083651530009,0.04882343270594209,0.32215030152048657
91.81727941559032,97.01783474903975,0.20274903174041642,3.133485709468033,6.227719568649821,-3.3359842237329596,0.059663487810297136,3.6454316573592678,0.030512503701339996,-2.519988559915302e-16,6.227719568649821,0.059663487810297136,0,4.918849096755468,0.03360309184758267,0.24869067234448677
93.75435863723831,97.11622510455916,0.31390514714643136,3.7719079836752667,6.214362075464526,-0.07847543284716807,0.03856076139123546,0.06577721999042296,0.03121166095717136,8.624175174635846e-16,6.214362075464526,0.03856076139123546,0,4.90770212536844,0.020739523405029093,0.17773805171002932
95.73230463183819,97.20732111027588,0.5397372830121503,4.7682454900696145,6.2248072704476565,3.1522658559852372,0.020013054145566575,-3.4882419669104365,0.03187325969217646,4.525002646933858e-16,6.2248072704476565,0.020013054145566575,0,4.916586167093328,0.015027506639630869,0.11467506113412829
97.75197957018449,97.2921532807667,1.1048816281372407,6.531786604832986,6.258757600515883,6.353130686256439,0.013525886271514471,-7.016075675242291,0.032501970985789476,4.2894603111775015e-16,6.258757600515883,0.013525886271514471,0,4.945056522075316,0.0212742249291042,0.08024641005337022
99.81426381238357,97.37173747535465,3.184652987902481,10.348295033841403,6.3163520103333255,9.521529946908947,0.026745971962292257,-10.517885136759105,0.033103058211874585,-4.939762213781005e-16,6.3163520103333255,0.026745971962292257,0,4.993019648206458,0.032343181346710936,0.10571151834523254
101.92005629159556,97.4470654121057,19.74780938633288,16.745508831161512,6.398184593537232,12.655244494945757,0.04336550568084584,-13.994483292227414,0.03368223576182606,1.5230084760841887e-16,6.398184593537232,0.04336550568084584,0,5.060733715889971,0.04408102961448491,0.16403216368146079
104.0702749058722,97.51909767728924,11.656384885124849,-15.069592778989241,6.505342855154882,15.752258402988526,0.05971264343825494,-17.447272927664017,0.03424554939696513,4.763158942538558e-16,6.505342855154882,0.05971264343825494,0,5.14882355457891,0.055527445576988764,0.2303218343193779
106.2658569182611,97.58875900146154,2.563955765470273,-8.137933001393383,6.639469229070652,18.8105714154253,0.07525551788683012,-20.878186071153664,0.03479928095346764,-3.4729957363840914e-16,6.639469229070652,0.07525551788683012,0,5.258311427994868,0.06640728402474444,0.29817344903173115
108.50775936535135,97.6569355035955,1.0710378539927405,-5.13827912608466,6.802851725968381,21.827983487421783,0.08985614466993333,-24.28962730291596,0.03534987810345257,4.511990093855682e-16,6.802851725968381,0.08985614466993333,0,5.390666439453869,0.07662257945420127,0.36566921899534516
110.79695947443788,97.72447356850016,0.592801724439145,-3.6554017929403497,6.998552671002969,24.801839742492955,0.10346986385054803,-27.684422933519954,0.03590390838411632,-1.2747655658717627e-16,6.998552671002969,0.10346986385054803,0,5.547877114177187,0.08613761876201634,0.43202416433179225
113.13445508948726,97.79218001302516,0.38171424113529534,-2.7806294037544057,7.230588961072596,27.728717635628467,0.11608487289555955,-31.065777377208292,0.03646803571934558,6.146168599052403e-17,7.230588961072596,0.11608487289555955,0,5.732554102738973,0.09494428259613018,0.4968368300739887
115.52126510608963,97.86082320577817,0.2701056940347474,-2.2034046686231807,7.504183983799007,30.604028355745687,0.12770415412540442,-34.43723751528273,0.037049017102023254,8.276109950500118e-16,7.504183983799007,0.12770415412540442,0,5.948073410509411,0.10304892749035591,0.5598709088329056
117.95842991558735,97.93113482634627,0.20389589231467053,-1.7926113433781097,7.826121707261775,33.42148946951836,0.13833838862841172,-37.80266541744248,0.037653716883118915,5.659656410087482e-16,7.826121707261775,0.13833838862841172,0,6.198775739733139,0.1104664335707726,0.6209759162422323
120.44701185857294,98.00381197743437,0.16137748291529577,-1.4838906204840074,8.205249872526839,36.17240185745192,0.14800252889020776,-41.16621946390791,0.038289136124123394,7.836179703321304e-16,8.205249872526839,0.14800252889020776,0,6.490245523333862,0.11721706319229361,0.6800529235422901
122.98809568795518,98.07951939220442,0.1324607914288126,-1.2420708748821905,8.653205886370802,38.84462458408646,0.15671384072783268,-44.53234367694586,0.03896245461699241,3.366054486930565e-17,8.653205886370802,0.15671384072783268,0,6.829705894263183,0.12332458071728579,0.7370374303431863
125.58278904179394,98.15889150587749,0.11193457585930162,-1.0463338525994434,9.185483400645557,41.42107439230436,0.16449063288276528,-47.90576491156173,0.03968108337654362,-7.255717780496121e-16,9.185483400645557,0.16449063288276528,0,7.226586446840344,0.12881500707963034,0.791889617370844
128.2322229261109,98.24253418283895,0.09688475145137623,-0.883572640507842,9.823033370838102,43.87745892593883,0.1713513525139207,-51.29149745392863,0.04045272559206027,-6.852492874281463e-16,9.823033370838102,0.1713513525139207,0,7.693355148117104,0.13371572740203033,0.8445881032972233
130.93755220788572,98.3310259063503,0.08557795600900503,-0.7451176197767718,10.594726216133745,46.17873880821311,0.17731389655987134,-54.69485451415272,0.04128544412424302,8.194711087010133e-16,10.594726216133745,0.17731389655987134,0,8.24676527682948,0.13805481212354723,0.8951254955168481
133.6999561184537,98.42491824642252,0.07693138534268482,-0.6249957570011611,11.541240148646734,48.27340903682915,0.1823950605804836,-58.12146605898624,0.04218773359111147,-1.2272611449826673e-15,11.541240148646734,0.1823950605804836,0,8.909774389771199,0.14186047588935327,0.9435049056154211
136.520638767523,98.52473542183293,0.07024166371986676,-0.5189467166838798,12.721376743549445,50.08389231688104,0.18661007983144826,-61.57730239131945,0.043168594840966606,-1.65928821543918e-15,12.721376743549445,0.18661007983144826,0,9.714588495843824,0.14516062925799075,0.9897369881935628
139.40082966803635,98.63097276435666,0.06503760486372955,-0.42383779712651326,14.222603477033097,51.489693283628874,0.18997223446937544,-65.06870282792988,0.04423760909220953,2.002212015877674e-15,14.222603477033097,0.18997223446937544,0,10.707661844697776,0.14798249419484866,1.03383724362013
142.34178427210614,98.74409387708826,0.06099622366146389,-0.33730068333832836,16.17901715210442,52.29642778436002,0.19249250093537526,-68.60240873408054,0.04540500814438249,1.972466932438314e-15,16.17901715210442,0.19249250093537526,0,11.958239115036605,0.15035226309561261,1.0758234147358523
145.3447845182556,98.86452625465047,0.05789287366357403,-0.2574972314423184,18.801820910194884,52.17599400351738,0.19417923866032072,-72.18560001989454,0.046681735726503366,2.055345083869841e-15,18.801820910194884,0.19417923866032072,0,13.573608078313928,0.15229478626036333,1.1157128529315423
148.4111393902059,98.99265510210078,0.05557070963599942,-0.18296315813173086,22.426347394203603,50.54595815584816,0.1950379071936868,-75.82593396127584,0.048079493115799024,-1.8099338390642152e-15,22.426347394203603,0.1950379071936868,0,15.727648641606761,0.15383327604586033,1.1535197525429846
151.54218548745123,99.12881505331426,0.05392159551236076,-0.11250020199619265,27.549233220605224,46.32585670134987,0.19507081477773175,-79.53158484421505,0.04961075947212968,5.270544363719018e-15,27.549233220605224,0.19507081477773175,0,18.716625663609584,0.15498901828348063,1.1892521651843602
154.73928760787211,99.27327945186008,0.05287410738213598,-0.045099117589997406,34.61322690154737,37.53079693420742,0.19427690605480713,-83.31128240553045,0.051288773706777584,-6.738299085297884e-15,34.61322690154737,0.19427690605480713,0,23.06949260573842,0.15578108353260348,1.2229087138167298
158.00383934263982,99.42624682345308,0.05238617495346337,0.020117497257714237,42.39144688945649,21.38483772441936,0.19265160471140144,-87.17434630790393,0.05312745994703267,4.114278214050148e-15,42.39144688945649,0.19265160471140144,0,29.733504543376764,0.15622603277834227,1.254474934604157
161.3372636836715,99.58782414799532,0.052440979118973406,0.08393971039959225,44.795919010285786,-1.5040022026355486,0.19018673716010473,-91.13071288862136,0.055141272609928585,6.136299302851372e-15,44.795919010285786,0.19018673716010473,0,39.972380175112754,0.15633761469630547,1.2839191873721616
164.7410136439008,99.75800654501286,0.05304537989748626,0.1471070471039468,38.53626246764491,-22.15238886103728,0.18687057664428344,-95.19094910374281,0.0573449297050121,8.433744739576526e-15,38.53626246764491,0.18687057664428344,0,51.44999598984821,0.1561264550684653,1.3111880980313528
168.2165728906349,99.93665304011654,0.0542306016821947,0.21034126544892398,30.266165551803798,-34.66762350533684,0.18268806428906428,-99.36624690366665,0.05975299443626327,8.028381668888395e-15,30.266165551803798,0.18268806428906428,0,49.93842771612118,0.15559974391679504,1.3362015355750492
171.76545639227294,100.12345821241942,0.05605528037046188,0.2743782248135634,23.842778604837843,-40.76580038997596,0.177621285490461,-103.66838919914085,0.06237925612094938,7.0151223669984015e-15,23.842778604837843,0.177621285490461,0,37.554519403813046,0.154760933117781,1.3588471913400446
175.3892110786687,100.31791977576344,0.05861137852298388,0.3400018782655395,19.330568368167878,-43.04767095901372,0.17165030739393425,-108.10967614345248,0.06523585335255787,3.2006974568527323e-15,19.330568368167878,0.17165030739393425,0,27.581854252780758,0.1536094674586632,1.3789749307647232
179.08941651542477,100.51930257482068,0.062034006969109455,0.4080838438164086,16.145151844258624,-43.07187054410397,0.16475451657319218,-112.70279781085071,0.06833207795757004,-3.157499001312434e-15,16.145151844258624,0.16475451657319218,0,21.185117215703453,0.15214058607142208,1.3963912415408983
182.8676855924127,100.72660014589106,0.06651701020401123,0.4796330561297462,13.835310633622857,-41.67082919019991,0.15691463562317007,-117.46063682270801,0.07167280225424856,-3.0045338676416594e-16,13.835310633622857,0.15691463562317007,0,17.005071709360646,0.15034524945288374,1.4108543205769448
186.72566522681876,100.93849596870996,0.07233755082733621,0.5558619650775163,12.114657421047495,-39.299039865009654,0.14811564381191264,-122.39598267639678,0.07525649144317956,2.390599152230181e-15,12.114657421047495,0.14811564381191264,0,14.12988329092806,0.14821026964622647,1.4220706348443861
190.66503708102172,101.15332786915721,0.07989538726671044,0.6382792210938705,10.805049091181855,-36.21727153763612,0.1383508837064515,-127.52113947893628,0.07907280719282131,1.6421099164154661e-15,10.805049091181855,0.1383508837064515,0,12.057852558196522,0.14571874593108944,1.4296941541622084
194.6875182956162,101.36906071800726,0.08977714256854889,0.7288249100775487,9.793694729016545,-32.5833827608749,0.12762771745303542,-132.8474119679691,0.08309988867953741,-2.533612012306191e-15,9.793694729016545,0.12762771745303542,0,10.508187103843113,0.14285093128788803,1.4333298564900834
198.79486223790047,101.58327448956555,0.10286489341131747,0.8300754039589362,9.007484633001024,-28.498574202324793,0.11597525263902606,-138.3844630531329,0.08730152279843764,-3.400908054509807e-15,9.007484633001024,0.11597525263902606,0,9.315841638478481,0.1395856679075452,1.4325434717272318
202.9888592661551,101.79317658969183,0.1205270468790233,0.9455652701901064,8.398173680045517,-24.03239513285732,0.10345503996148737,-144.1395517317648,0.0916245868126407,-1.0736228465757946e-15,8.398173680045517,0.10345503996148737,0,8.378903081924404,0.13590252041644998,1.4268796165762525
207.2713375100457,101.9956485686364,0.14497021141486083,1.0803127980462166,7.933771657172729,-19.237240114201985,0.09017670517997046,-150.1166846810629,0.09599734613849666,-2.6034395265884602e-15,7.933771657172729,0.09017670517997046,0,7.631657738129594,0.1317846866334355,1.4158902660147503
211.64416366749026,102.1873370553054,0.17992595991869334,1.2417137190396899,7.593482641778622,-14.157406531066515,0.07632359845061128,-156.31574786862257,0.1003293678174254,-1.3370078559122163e-15,7.593482641778622,0.07632359845061128,0,7.0301442845537,0.12722266084342942,1.3991746439339419
216.10924381833757,102.36479597870202,0.2320870503734521,1.441128928115546,7.364750538235798,-8.8351982427409,0.062203229304360876,-162.73172246201318,0.1045138793203805,-3.055751283153195e-15,7.364750538235798,0.062203229304360876,0,6.544012999863787,0.12221845551486048,1.3764298713169547
220.6685242552123,102.52468104381092,0.31437628533230344,1.6968309082224071,7.2416464843366155,-3.3153488007479552,0.04836913612837469,-169.3541235612641,0.10843324994688766,-1.905344802358573e-15,7.2416464843366155,0.04836913612837469,0,6.151720216268934,0.11678996720801053,1.3475090541778136
225.32399233188798,102.66398790395283,0.4542123236227455,2.039643573743973,7.224224704761028,2.351514224007697,0.03596428046232945,-176.16681737356663,0.11196780400756658,6.367197302541774e-16,7.224224704761028,0.03596428046232945,0,5.837567958193053,0.11097484792863091,1.312480284252929
230.07767732955904,102.78031378443953,0.7173558448404388,2.523324860194148,7.318730998766742,8.105818273360201,0.027582890935801865,176.85164285301323,0.11500739027795111,1.1550948700537912e-15,7.318730998766742,0.027582890935801865,0,5.58980849009209,0.10483309631687511,1.271677131838684
234.93165134138798,102.8721113808968,1.288541588712707,3.2348713975643855,7.538772269185841,13.875748977300438,0.02717107231966796,169.72707990535423,0.11746419541819107,-8.555817544137217e-16,7.538772269185841,0.02717107231966796,0,5.399388497128476,0.09844760928967332,1.2257298849514981
239.88803017571425,102.93889770786257,2.7803916220062925,4.180085768935435,7.907836493552498,19.572608307314926,0.034442610922901525,162.48817053871062,0.11928453474617452,-4.2109830498445613e-16,7.907836493552498,0.034442610922901525,0,5.259092250396847,0.09192219568895457,1.1755681854155822
244.9489742783178,102.98138279271546,6.680756259332982,3.5497792836415707,8.464020642912438,25.08276997620384,0.04507415672319239,155.1644712459679,0.1204571682694025,-9.42078705301878e-16,8.464020642912438,0.04507415672319239,0,5.162942037537938,0.08537702267718589,1.1223901688487106
250.11668967414062,103.00149482363923,6.970882451881401,-2.586089956441026,9.268733375899437,30.252153520197826,0.056343446815763795,147.7842257839576,0.12101629500064026,-2.9583790794924717e-15,9.268733375899437,0.056343446815763795,0,5.105768104281258,0.07894200638188904,1.0675997374750454
255.39342892887487,103.00229700081024,3.027331324773178,-3.5435730512225962,10.423035988256249,34.85457004774821,0.06707580126744198,140.3722374335166,0.12103864975741824,2.4520136028672005e-15,10.423035988256249,0.06707580126744198,0,5.082890130527698,0.07274906649154754,1.0127200339639015
260.78149213083844,102.98781127704157,1.445886339799237,-2.6567270131006335,12.099268177853798,38.52402612535328,0.07671774544389638,132.94806732107918,0.12063560258991589,-6.298529366837513e-15,12.099268177853798,0.07671774544389638,0,5.089869219751859,0.06692426846918008,0.9592952220218076
266.28322789356497,102.96277914700674,0.8326881700593812,-1.9539827889833992,14.602709874044795,40.601307437576445,0.08497863753194852,125.52473582911023,0.11994227579051212,-4.252180292883992e-16,14.602709874044795,0.08497863753194852,0,5.1223001517841125,0.06158063978968931,0.908793081586392
271.9010343795453,102.93239557979639,0.5479947287545222,-1.4681198031314613,18.47621326395894,39.76682004422268,0.09170467251546474,118.10798781834342,0.11910607910419851,6.7985144368392096e-15,18.47621326395894,0.09170467251546474,0,5.175622307322523,0.056812007093483295,0.8625182281698254
277.63736034556797,102.90204868583479,0.39619343773723953,-1.1186502870588002,24.489649572674384,33.20286545646567,0.09682555038324189,110.69607181306299,0.11827671085939194,7.228729790268012e-15,24.489649572674384,0.09682555038324189,0,5.244936855875091,0.05268782783891897,0.8215418895470611
283.49470621011193,102.8770874959711,0.30723393933661064,-0.8532236283441117,31.88596799460351,15.977431925453805,0.10032542109895463,103.27990685977238,0.11759886218753055,5.019601408389631e-15,31.88596799460351,0.10032542109895463,0,5.324829417707138,0.049248956313278684,0.786651211422431
289.47562514325944,102.86262731532959,0.2518041131815401,-0.6412470216086049,32.98303487339174,-10.742058678502833,0.10222347214914668,95.84347930950867,0.117207958543994,6.2522676527282965e-15,32.98303487339174,0.10222347214914668,0,5.409212960384738,0.04650468373676961,0.7583199626392165
295.58272417960217,102.86338992526842,0.21609970759995914,-0.4642716198498463,26.012125142472062,-30.59173908908883,0.10255960437991819,88.36432059570961,0.11722854176714674,-7.233001573216925e-15,26.012125142472062,0.10255960437991819,0,5.491225885299645,0.04443195958199268,0.73670245084561
301.81866535462666,102.88356633147077,0.1930551129351872,-0.31053042416619125,19.508980512555986,-38.930344697761754,0.10138374588330694,80.81395387436487,0.11777442791635404,-5.7421305159716344e-15,19.508980512555986,0.10138374588330694,0,5.563243603929003,0.04297783693884655,0.7216514624522345
308.1861668650743,102.92668318867152,0.17888099374000566,-0.17201677394363382,15.246642487633787,-40.671282999852444,0.09874833319200797,73.15825045698261,0.1189495186890121,-5.3958620528838125e-15,15.246642487633787,0.09874833319200797,0,5.617082150467689,0.04206541079145923,0.7127576388235404
314.68800425378174,102.99545003811087,0.17156688198432635,-0.04286120624459444,12.497374937448011,-39.05413272628327,0.09470388983358073,65.35770036586132,0.12084797402741301,-4.889736602540862e-15,12.497374937448011,0.09470388983358073,0,5.644475987838456,0.04160209588998904,0.7094024951220552
321.32701161951684,103.09156268082208,0.17021041539538392,0.08164135839686716,10.660262011131989,-35.57685178063032,0.08929801528092975,57.36767655628773,0.1235522441890683,-2.142299376021182e-15,10.660262011131989,0.08929801528092975,0,5.637879158063392,0.04148799492182106,0.7108128435367504
328.10608285234093,103.21543893047904,0.1747529858117723,0.20568851966196816,9.394804273591213,-30.94612511846947,0.08257874408138625,49.13886713403599,0.12712713606143838,-1.5448719025190256e-15,9.394804273591213,0.08257874408138625,0,5.59155240949417,0.04162212851820098,0.7161033070467802
335.0281728950313,103.36586911306499,0.1859775334637496,0.33350203256117344,8.51305922932953,-25.520024103282143,0.07460446131146013,40.61817426280686,0.13160769458418198,-2.1804795067969881e-16,8.51305922932953,0.07460446131146013,0,5.50276529961579,0.04190531491883741,0.7242967004088836
342.0962990311173,103.53958046300441,0.20577023604201228,0.46986940831987306,7.9104506498114535,-19.49639907860319,0.0654650976448446,31.750535354857675,0.13697850328008326,6.400927040448105e-16,7.9104506498114535,0.0654650976448446,0,5.372810751740411,0.04223977616060219,0.7343183763017477
349.3135422000902,103.73075111595574,0.2377954838661767,0.6208268755149486,7.530911447949439,-13.001991712891293,0.05532547829237035,22.482287389185558,0.14314279131618424,-3.290658973551492e-15,7.530911447949439,0.05532547829237035,0,5.207483746118093,0.04252657627937431,0.7449691901704366
356.6830483403598,103.9305768013874,0.2890143820451106,0.7946424346129896,7.350480541892624,-6.14439022451312,0.044519947508767116,12.7667809423765,0.14988288720284224,2.734309316266563e-15,7.350480541892624,0.044519947508767116,0,5.016779323265951,0.04266273755047108,0.7548927151096075
364.20802976054404,104.12709619250533,0.37319439275153,1.003247984188858,7.371134138502938,0.9465583890518365,0.03379067131939912,2.5727588584192063,0.15682091715098204,2.405480101402907e-15,7.371134138502938,0.03379067131939912,0,4.8137943186181955,0.042540522478635774,0.7625661570707534
371.89176653968786,104.30559634783556,0.5196441823570449,1.2637698961651396,7.621739596076085,8.073183621970074,0.024951379495706,-8.104767544071365,0.16340073472436467,2.6752331994095137e-15,7.621739596076085,0.024951379495706,0,4.613057829837017,0.042051820045142956,0.7663579146561791
379.7376079570242,104.44996713896187,0.796848750810171,1.5957933642234907,8.166156085701315,14.9069244580215,0.021827138983494476,-19.233045157078323,0.16892389398505805,-1.455430267981095e-15,8.166156085701315,0.021827138983494476,0,4.428649368621475,0.04110008843025856,0.7646958594188523
387.7489739518976,104.54520971664249,1.377422367055801,1.9815312731162384,9.120653787948966,20.885996064022393,0.026515546476179163,-30.733622076920653,0.17266938487773825,-7.955420984859016e-16,9.120653787948966,0.026515546476179163,0,4.272464777000309,0.03961965924323473,0.7563583783369141
395.92935661448826,104.58081814771907,2.6248279828875587,2.0795553236148745,10.68050956945694,25.02726820757676,0.035156016556085926,-42.48342516141287,0.17409094590146623,2.3051909943983276e-15,10.68050956945694,0.035156016556085926,0,4.152920555946464,0.03759706184031083,0.740823725436795
404.28232170798617,104.5540817427495,4.052060613000234,0.5107967434735033,13.1182548254361,25.57563012843963,0.04414731000590969,-54.32879344425845,0.17302248471589005,-2.449046569318361e-15,13.1182548254361,0.04414731000590969,0,4.074303975971376,0.03508406410014222,0.7185261364269507
412.8115102228787,104.47199105569835,3.0327277417812426,-1.4961835644378643,16.47954306974836,19.656108489241532,0.05183957576984686,-66.11097066438674,0.16978271564787908,-6.9752320986583834e-15,16.47954306974836,0.05183957576984686,0,4.0368665663749566,0.03219274405866497,0.6908543666622354
421.5206399640294,104.35086418737416,1.630504570824731,-1.6333535383734832,19.210511222112892,5.1826674579852705,0.05752661644803289,-77.69526851950155,0.16511281774186198,9.213994408606516e-15,19.210511222112892,0.05752661644803289,0,4.037591638287082,0.029071588554327326,0.6598454577723103
430.41350717123885,104.21389249451457,0.9449241021057646,-1.2707187602331467,18.367350220399135,-11.946873919214548,0.060983168042477894,-88.99409071940414,0.15998660393625114,-7.184925085613462e-15,18.367350220399135,0.060983168042477894,0,4.0713871540293765,0.025872545651314784,0.6277018415921006
439.49398817399515,104.08772242512563,0.6228112541470959,-0.9248882070081249,15.266077851448173,-22.367730518559146,0.06226275050714799,-99.97815027604292,0.15540558149340572,-4.049399482104443e-15,15.266077851448173,0.06226275050714799,0,4.132370921160743,0.022722793604894924,0.5963443517071828
448.7660410811355,103.99929738530605,0.45827074754197733,-0.6451632243600033,12.5049305899958,-25.532162470052267,0.06156398580116509,-110.67688870354937,0.15227342238715344,-4.469178518044697e-15,12.5049305899958,0.06156398580116509,0,4.21497925035188,0.019709539606210746,0.5671499820770545
458.23370750615345,103.9736041279116,0.3691918844359174,-0.4153388864215305,10.583955725428401,-24.323664730192228,0.05913280970062246,-121.17342454195614,0.15137521848892682,3.566083446277498e-15,10.583955725428401,0.05913280970062246,0,4.314785609822347,0.01687778017106708,0.5408946927736696
467.90111432890626,104.03225141451233,0.3215398006150749,-0.2171592774828799,9.310061286989237,-20.70723997141065,0.05519967584862421,-131.5997784825352,0.15343325966483665,-4.192409984202377e-15,9.310061286989237,0.05519967584862421,0,4.429062478723207,0.01423609601853481,0.5178332641992184
477.7724754944882,104.19230322050446,0.30066513817080576,-0.03658381579037978,8.483829898630898,-15.679960410608622,0.049951283982538806,-142.13615890873865,0.15919326580246085,2.373533324322371e-15,8.483829898630898,0.049951283982538806,0,4.55719659875598,0.011765417202691328,0.49783017633663135
487.85209385005606,104.46447103520583,0.30116346940140126,0.1374710011392102,7.987073139642102,-9.719152231734922,0.04354182186932358,-153.01537751870023,0.16948898298546874,1.2320749784546787e-15,7.987073139642102,0.04354182186932358,0,4.701052453697665,0.009428310703700888,0.4804793653247607
498.14436302040525,104.8494598578884,0.32369700715478344,0.3149304237755942,7.772273021306747,-3.061148748538159,0.03617946563839746,-164.5297721597422,0.1851997328988198,-9.507054193058662e-16,7.772273021306747,0.03617946563839746,0,4.865207043452969,0.007180713000047564,0.4651842839964203
508.65376932311517,105.3309623302227,0.3754964466785522,0.5060740315429592,7.858640590759097,4.104914991473576,0.028432313174423244,-177.03055530318989,0.20691434626725175,-5.067454616691285e-16,7.858640590759097,0.028432313174423244,0,5.056398735868421,0.004998700347534211,0.45120438229677495
519.3848937241005,105.86432503953853,0.4750172468738289,0.7222736317536538,8.354711897022428,11.381813970672194,0.022191537365626696,169.10662659425918,0.23395206029780533,2.4794334359625286e-17,8.354711897022428,0.022191537365626696,0,5.279964247550564,0.0029879499704339387,0.43772747971994247
530.342413834416,106.3641678781257,0.665240728205438,0.9725426406251979,9.522115640188929,17.616707256369896,0.021781605450689273,153.5997891533226,0.26248903001614127,1.083815189348893e-15,9.522115640188929,0.021781605450689273,0,5.5285471981489875,0.0019921189535982184,0.424118782076808
541.5311059491905,106.70643486411215,1.0459096375773935,1.2356709311685727,11.837203373756408,19.65267932840995,0.028596488693686528,136.5018397163508,0.2840127628372899,-2.282576897876526e-15,11.837203373756408,0.028596488693686528,0,5.7622131079172885,0.003138209622837322,0.4105067400985042
552.9558471295757,106.77137015587066,1.7962280502742722,1.3086720947511037,15.242521592747377,10.970047301712405,0.037712991870689425,118.45061318069634,0.28829119993717733,5.236153800785013e-15,15.242521592747377,0.037712991870689425,0,5.908589120233801,0.004781823001415674,0.3983396897369143
564.621617328617,106.5216933162942,2.6748627271507432,0.5001852024539843,15.926978984722494,-8.621150829182422,0.04490689774655249,100.57283069144478,0.27218469546693885,-1.00838039643045e-15,15.926978984722494,0.04490689774655249,0,5.926156482323268,0.005997132679600755,0.38971803134279415
576.5335015619764,106.03950480663129,2.2897013995934747,-0.7765883858926214,12.918046470480203,-20.875208162159762,0.04857349762272607,83.91493629573768,0.24358180864129056,7.076041348379682e-16,12.918046470480203,0.04857349762272607,0,5.856355683801326,0.006590203885182221,0.38562280761671874
588.6966921244497,105.47452746742042,1.3774820603116709,-1.0260382441142113,10.385515482498173,-22.401552915326942,0.04897589611165931,68.94247729418225,0.21386864453143406,5.416362165109769e-15,10.385515482498173,0.04897589611165931,0,5.770387279085523,0.006647407020709617,0.3854327273329704
601.1164908532446,104.96983829782722,0.8519923133950837,-0.8062395729158983,8.904419164986193,-19.154589843981263,0.047068638574804866,55.53631416014355,0.19040493480447826,2.205574950542847e-15,8.904419164986193,0.047068638574804866,0,5.7104167778810355,0.006338523569663492,0.3880480662853666
613.7983114390116,104.62971634900121,0.5970023082338997,-0.5379567389404204,8.072183530022928,-14.239076485433348,0.04371235728704467,43.246155060486444,0.17606215167105266,1.0796524980261935e-15,8.072183530022928,0.04371235728704467,0,5.690024184221041,0.005807703311047767,0.39277330564402013
626.7476817856267,104.52259969265539,0.4741466829165803,-0.2946223034545047,7.628638097242095,-8.793276425054168,0.039457375685886004,31.475124818941822,0.17177277804754357,-1.1284217766211105e-15,7.628638097242095,0.039457375685886004,0,5.712837152693668,0.005156209168164132,0.3994089085138555
639.9702464197604,104.69132639522493,0.4225134115364816,-0.07403239501691891,7.459228945318308,-3.2137216969180438,0.034613285342654024,19.51874114498503,0.17857761142056458,-3.3671253145656563e-16,7.459228945318308,0.034613285342654024,0,5.784832010422681,0.004482410686246837,0.40794368074398446
653.4717689512825,105.15310081948334,0.4202931811519465,0.136904583340862,7.547870799135088,2.280772441157276,0.029458970361296688,6.496124625080938,0.19861152778319743,1.8431515342545467e-15,7.547870799135088,0.029458970361296688,0,5.921148050315305,0.003985384554969554,0.4178979048970982
667.2581345855722,105.87349805998791,0.467578448490638,0.35147459011790133,7.974378556173341,7.159439321652274,0.024784300706535374,-8.76531585402438,0.2344467281149497,4.926196239043186e-15,7.974378556173341,0.024784300706535374,0,6.147729567820823,0.004120347639833165,0.4266804679935938
681.335352688833,106.6901220185806,0.5865002136259198,0.5795427973675942,8.905292049155014,9.520112603886338,0.023056706828809486,-27.68081409291983,0.282947963230326,1.0750646397073972e-15,8.905292049155014,0.023056706828809486,0,6.4716717826664345,0.005355486546184809,0.42581437907762126
695.7095594075265,107.2071189376754,0.836988909691342,0.8111265971930952,10.106589991583585,4.956050095241805,0.02700560491218741,-50.98439145301478,0.3187177596395035,1.4892611501450047e-15,10.106589991583585,0.02700560491218741,0,6.739997081708116,0.007383789884665418,0.3979269584355991
710.3870203430697,106.94019857215844,1.3317225182701635,0.9324198622378586,9.87003623620151,-5.0464623944521,0.033137657931967275,-76.58488198501294,0.2997189672165041,-7.026371180477199e-15,9.87003623620151,0.033137657931967275,0,6.6201336832282145,0.00909646705713894,0.33291027928211053
725.3741332829604,105.88733706738498,1.9934471145572232,0.5229754180352987,8.479161917717375,-8.405168612123097,0.03607285657805053,-100.05563331793803,0.23519499571461686,5.336540758925303e-16,8.479161917717375,0.03607285657805053,0,6.230940020642219,0.009712260048507233,0.2554112170701002
740.6774309895219,104.55690727717962,1.9284537413764866,-0.4002316984667102,7.528579606068151,-5.5679001204882255,0.03545854944428849,-119.14907116388565,0.17313509035018287,7.705723202701938e-16,7.528579606068151,0.03545854944428849,0,5.915553918017796,0.00951689821125495,0.19659939065491772
756.303584047481,103.39724155287392,1.2678263905905662,-0.7067900782252085,7.0644384866644385,-1.027005694353358,0.03307116955473302,-134.59382631680455,0.13256184057812692,2.6395324369485196e-15,7.0644384866644385,0.03307116955473302,0,5.728617958029546,0.009042350134580514,0.16095087968535082
772.259403771622,102.62881282540378,0.824427660709987,-0.5531160597604449,6.876377264944732,3.550558121217492,0.030052545968277992,-147.9885663663634,0.11106459895504978,1.538388342797815e-15,6.876377264944732,0.030052545968277992,0,5.619369275836476,0.008566287325722769,0.13821383771962725
788.551845175786,102.34899280055922,0.6118453772348285,-0.31248384204074303,6.85797375194573,7.783363369503975,0.026852450052009643,-160.8942774932308,0.10413426361363562,1.2720432798717843e-15,6.85797375194573,0.026852450052009643,0,5.543856168526273,0.008190604558156322,0.1184085251158109
805.1880100045039,102.60515066287793,0.5283749364880947,-0.07339812977254863,6.9822945526310765,11.542114396962647,0.023650667863192643,-174.96400339965112,0.1104611185078206,1.527661019707634e-15,6.9822945526310765,0.023650667863192643,0,5.470455864179659,0.007948576879868515,0.09763288990941525
822.1751498285898,103.37323381517251,0.5305284092191794,0.15911732572739043,7.275642993527236,14.394696237209141,0.020804077673732213,167.554692660019,0.13183106232014055,-2.4330569145978295e-15,7.275642993527236,0.020804077673732213,0,5.372163570581086,0.007821066159571427,0.09292302208291353
839.5206692060441,104.35402594338535,0.6204305215004671,0.39102667980612693,7.725248587244945,14.818466244482503,0.019703409249390725,143.5168849663297,0.16523306714459493,3.59373285761401e-15,7.725248587244945,0.019703409249390725,0,5.243913732994548,0.007612302962465196,0.15548289021289716
857.2321289096399,104.59719869379917,0.8447377052932494,0.6050094767901645,7.844793132843842,11.65808180059516,0.02187435307952054,111.74067163342784,0.17474881507124118,2.734893887300392e-15,7.844793132843842,0.02187435307952054,0,5.1846067306138295,0.006778417426126117,0.26908296973407875
875.3172492226031,103.29175653269792,1.279609911297198,0.6692298799277008,7.331940951831695,10.687614518517483,0.02377498913106304,79.6511288239501,0.12938085698686252,-8.043065904209335e-16,7.331940951831695,0.02377498913106304,0,5.308109352781418,0.00534080856027019,0.34470074104002996
893.7839133038223,101.27076336995796,1.7275661560175068,0.2408703057341807,6.960751526892746,13.550669772224829,0.023082009869323634,54.840755959971375,0.08124014824054884,4.120577953595366e-16,6.960751526892746,0.023082009869323634,0,5.482472306991429,0.004261154204618733,0.36221903097026004
912.6401706240546,99.55864170165651,1.511633691792049,-0.38565098242309986,6.851759563420916,17.083421785017762,0.021288575336771018,36.13933150885828,0.05477199254453852,1.0022915819466423e-15,6.851759563420916,0.021288575336771018,0,5.604786105708726,0.003715725734904095,0.3584854849188663
931.8942404746253,98.52935184629214,1.0209583834301066,-0.4815830760197652,6.879783999765772,20.256982585888505,0.01933431689014564,20.08170309864863,0.04321450620290976,4.679379128569107e-16,6.879783999765772,0.01933431689014564,0,5.676607081040238,0.0034503731662692584,0.3540394546777669
951.55451555015,98.26745518915803,0.733382861145691,-0.2979797826492502,6.984406834855215,22.955348848799584,0.017481851847989636,3.7483459788854816,0.04068552169114502,3.7938979482397434e-16,6.984406834855215,0.017481851847989636,0,5.7118833675249086,0.0033046386276866274,0.35967449040597377
971.6295656068445,98.72082537132839,0.6222595870346042,-0.061995179756780226,7.144701625542421,25.085214282796304,0.015861856307750742,-15.8131882328463,0.04516238901735967,-4.589041992016715e-16,7.144701625542421,0.015861856307750742,0,5.7209306261164246,0.0031859590795901447,0.3928155114734363
992.1281411980123,99.51373001998611,0.6344597201816102,0.17540445186600226,7.3217119252463805,26.346218791538888,0.014793476585350527,-41.987222641895585,0.054208497764573954,1.2576349838084516e-15,7.3217119252463805,0.014793476585350527,0,5.739947145638652,0.002940475854575088,0.4813297576105097
1013.0591774883399,99.64327698427968,0.7753077235949895,0.39418972273951974,7.388394401387524,26.93341244755402,0.01453898258313286,-75.12801780254694,0.055849857406620525,-9.111683956295109e-16,7.388394401387524,0.01453898258313286,0,5.870410638821794,0.0023198127444660744,0.6079340238304388
1034.4317981486645,98.52573306551805,1.0905613709300812,0.5061066952080885,7.349364576789662,28.308510820406617,0.014200776473051034,-107.13385282987332,0.043178512494721585,9.30213625275506e-16,7.349364576789662,0.014200776473051034,0,6.112571739000502,0.0014797426984402915,0.6868698749895195
1056.2553193329077,97.13371014968922,1.4684269656052635,0.26041050063950716,7.374360556235684,30.444940784252637,0.013274791920707884,-131.89596605320116,0.03133757491421252,9.422526706026613e-16,7.374360556235684,0.013274791920707884,0,6.326342266280996,0.0008535637497043011,0.7223928051066015
1078.5392537389134,96.40810614286059,1.3872846684167275,-0.22899059765766003,7.481602712719894,32.59566802542577,0.012116925542925983,-151.43182595221572,0.026515815255971367,7.471743666140751e-16,7.481602712719894,0.012116925542925983,0,6.5004565071141505,0.00048621707318767814,0.7656446761473185
1101.2933147549563,96.70827815840661,1.0043898799569668,-0.34074476020704514,7.649838666192718,34.53080337137672,0.010925022056456247,-169.59491250009205,0.0284133333151336,-4.2607452435646183e-16,7.649838666192718,0.010925022056456247,0,6.691119744474745,0.0005006456256679375,0.846708957102968
1124.5274206937281,98.15392352482533,0.7661129146644068,-0.18017504695412442,7.88508219982141,36.08959765248192,0.009774994203635314,169.38471313471007,0.039635717347666036,-4.931390926029329e-16,7.88508219982141,0.009774994203635314,0,6.9842265533899415,0.0010790091137797277,0.9929956436143565
1148.2516991156535,100.49602781726756,0.701158364910026,0.0430057693770948,8.184721210355391,36.59344800491685,0.009053379088371838,138.90567412072835,0.06796685147223497,1.442112018748189e-15,8.184721210355391,0.009053379088371838,0,7.541496590200555,0.0021802429854486864,1.2146864508916544
1172.476491243411,101.89485815794713,0.7845140314615202,0.2549796013103167,8.261012789320144,35.56105755290088,0.009725085186865181,93.48531524563123,0.09379510761019352,-6.555846387489176e-16,8.261012789320144,0.009725085186865181,0,8.028074475933622,0.003306785946941652,1.298534801383563
1197.2123564695885,100.62875131906912,1.0262918184653864,0.36775973950238355,8.089537185245364,36.56178332635214,0.010044062263454492,49.55553196685378,0.07007603197363078,-9.966610793384519e-16,8.089537185245364,0.010044062263454492,0,7.640504341222583,0.0032804942424638412,1.0691552172271443
1222.4700769594383,99.00766460253658,1.3098117470427837,0.19326565850783972,8.107297702342217,38.642026239004565,0.009424047741609204,17.453667057263033,0.048245946449687424,-1.7274361132077415e-16,8.107297702342217,0.009424047741609204,0,7.448769438061146,0.002973340593296615,0.9408372932009492
1248.260662350737,98.19646875214205,1.2469342332002875,-0.1536406305748945,8.218527406234994,40.38101832281456,0.008733904628297541,-11.538434556228367,0.04002591284881371,8.124085997193447e-16,8.218527406234994,0.008733904628297541,0,7.474602687397177,0.003060980373309831,0.9821121502375951
1274.595354552798,97.68385310885394,0.9651841927363104,-0.2175604665563087,8.338460388861604,41.83890608629575,0.008176285732089308,-44.58186952631729,0.03556965731177843,-9.531966842286528e-16,8.338460388861604,0.008176285732089308,0,7.424066880691138,0.0035216148548259177,1.0754174490197714
1301.4856326467273,96.289173959391,0.8032073777316034,-0.06837622642144797,8.45303923719223,43.345198142897665,0.007655305825370272,-81.46512245293496,0.0257995283258154,5.574655168453604e-17,8.45303923719223,0.007655305825370272,0,7.119383919589441,0.0038332710047199597,1.0580176083683754
1328.9432178890672,93.6244434114566,0.8055452075043738,0.12217461019113532,8.599701208189574,44.96941271231423,0.007040922219682345,-115.20939933615921,0.013968144249204235,1.3312058551907822e-16,8.599701208189574,0.007040922219682345,0,6.8475775102390415,0.0037358344534093486,0.9418894208960188
1356.9800788209955,88.9117956478397,0.9571707210101885,0.2476107374029183,8.803561073211537,46.652757495255,0.006293470317249719,-142.8647704370553,0.004719260328529049,-8.561776151308158e-17,8.803561073211537,0.006293470317249719,0,6.615520672896986,0.003792029832402814,0.9410422538352996
1385.6084364853157,90.86171914916244,1.1675580182510277,0.17282463593771852,9.100573938809745,47.09146900658849,0.0057523811006619345,-117.65979586317326,0.0073937759312401805,3.9784899549386384e-16,9.100573938809745,0.0057523811006619345,0,6.520921867907375,0.0026018366910180884,0.5038866599193844
1414.840769753514,91.37689437090147,1.1711779949355166,-0.05799782159698999,9.194473942263505,48.108754308371566,0.005576465705267449,-158.0783094219467,0.00832499166369316,-4.832469949805452e-16,9.194473942263505,0.005576465705267449,0,6.955458371916896,0.0017360465217523225,0.048648501551011546
1444.6898207651975,91.13550766709567,0.987700471248836,-0.12747521091426708,9.369608016829288,49.23017929648486,0.005188904957544552,175.74792635506765,0.007874901619917756,-4.763840239113428e-16,9.369608016829288,0.005188904957544552,0,7.105699398679651,0.0016031793077842188,0.10864575559229463
1475.1686004822907,91.36153248047182,0.8718584666524977,-0.024740129403588433,9.55971597743914,50.22691740424536,0.004830007118924671,148.8846198301992,0.00829559647238307,3.8348425961682787e-16,9.55971597743914,0.004830007118924671,0,7.2241404512898715,0.0015104377991486354,0.16165682998075528
1506.2903943604115,91.64388716056577,0.8918233885154424,0.10761595371264078,9.75117646202889,51.13907168438467,0.004517529667826055,118.24119047886177,0.0088528496031556,-3.6676000255278407e-17,9.75117646202889,0.004517529667826055,0,7.324105573961182,0.0014623783180820109,0.2065974377276739
1538.0687681398902,91.57571858783369,1.0129033290562919,0.1574882743126069,9.9405941178242,52.020528545143016,0.004240752132907723,84.85890860221934,0.008714976672932999,1.4326664831398844e-16,9.9405941178242,0.004240752132907723,0,7.403265135434879,0.0014372577511529041,0.23254981331683705
1570.5175737589725,91.21878210339557,1.1091597369073414,0.06719730015811949,10.133986170860533,52.89914065874439,0.0039773260765491245,51.27180048172454,0.00802735705163422,7.883568194819337e-17,10.133986170860533,0.0039773260765491245,0,7.476416025596784,0.001396909277618878,0.23793780577716472
1603.650955391765,90.96076466892292,1.0623965440196854,-0.04477906530589363,10.336087222962236,53.748042604280165,0.0037241021199144286,17.478083863545976,0.007564336445570464,-2.831855569685397e-16,10.336087222962236,0.0037241021199144286,0,7.555821482893381,0.0013422037572973962,0.23750151487348056
1637.4833556135668,90.95438484474386,0.9609088491217607,-0.04601545733954916,10.543197902697036,54.532539745052574,0.0034964804120958108,-19.388634758040325,0.0075532325266016685,6.5258507307824214e-18,10.543197902697036,0.0034964804120958108,0,7.637246660615481,0.0012931504265377074,0.2422520877180005
1672.029521696275,90.77877791424393,0.9180925439799964,0.029492713955272865,10.743685131590503,55.26057175090738,0.0033123951361877487,-62.3876862309221,0.007253909978053766,-2.70274102401211e-17,10.743685131590503,0.0033123951361877487,0,7.71223477576055,0.0012510589759859591,0.24575992523369689
1707.3045120365998,89.59200160686557,0.959446346095341,0.10269454631030323,10.933594543263489,56.03225995204077,0.00315273528287395,-109.7522915300749,0.005519433826699165,-2.1007488244278913e-16,10.933594543263489,0.00315273528287395,0,7.793011295593823,0.0011821652689631627,0.22593137369355948
1743.3237027198998,87.3772184849961,1.0524773225370803,0.09961845234152522,11.135315895451551,56.88381470764465,0.0029699628348499253,-154.23355496096576,0.003314486227085151,3.132011124618738e-16,11.135315895451551,0.0029699628348499253,0,7.9006185928926485,0.0010806025296958657,0.18519546802473383
1780.1027942224923,85.13415932963622,1.086171566077778,-0.0025776336265069264,11.35750302190107,57.720926576808594,0.0027721572342124115,167.02333526403208,0.001977471819432167,6.63964464372294e-17,11.35750302190107,0.0027721572342124115,0,8.024731279572597,0.0009824284219532395,0.14758402379918387
1817.6578182553692,83.63576770011021,0.9887340618571034,-0.06562541744660158,11.592160158474876,58.5022107828849,0.002582261713427017,130.9778984053862,0.001400461390533603,4.988727957277269e-17,11.592160158474876,0.002582261713427017,0,8.152754685950596,0.0008999017325350154,0.12043359676126024
1856.0051447522878,83.04168184005042,0.9001777403218217,0.013359108593050048,11.833035342883514,59.23032113439403,0.0024093279700861266,92.7495595384546,0.0012214130454197862,-1.3776895079128528e-16,11.833035342883514,0.0024093279700861266,0,8.282749552140807,0.0008278464723630777,0.09939267407709722
1895.1614890052947,82.75776736496518,0.9556813002536325,0.13284651816883442,12.075940841536797,59.92263775984399,0.0022554822042603266,49.134235763114816,0.001144118759885914,3.8553152187316156e-16,12.075940841536797,0.0022554822042603266,0,8.417580920374697,0.0007602225516119677,0.07769883511674434
1935.143918950787,82.12542318444973,1.1155816944987151,0.09085428448297289,12.322432122752716,60.606358022356815,0.0021125464592779545,4.411025547761938,0.0009890919987330298,3.064941827337664e-16,12.322432122752716,0.0021125464592779545,0,8.55662059946685,0.0007001558132433128,0.05621489225410605
1975.9698626092907,81.88681337484688,1.0629375934414964,-0.0956758658690167,12.577712712703788,61.27207321008502,0.001974300649846553,-36.97388468767434,0.0009362152427163283,-5.006076961360407e-17,12.577712712703788,0.001974300649846553,0,8.695921041581757,0.0006500139151869558,0.04119288861919418
2017.6571156821924,82.68344568813204,0.8827048944957997,-0.040844426227976974,12.83901558281925,61.89493255311916,0.0018483774069550946,-81.66513072209966,0.00112470581101895,5.391950202700273e-16,12.83901558281925,0.0018483774069550946,0,8.837883698292197,0.0006035624820016442,0.027970795226742895
2060.2238493087457,82.89595796537996,0.9160575970161227,0.14547392141718507,13.096890292392086,62.497074881165894,0.0017427963432830949,-136.1116050380424,0.0011811095110512333,2.6700187896902793e-16,13.096890292392086,0.0017427963432830949,0,8.984794465137453,0.0005608467194007389,0.00953206775555089
2103.6886179867197,81.46245610965784,1.1455786764047946,0.1121781242726209,13.36148304667456,63.12875777053719,0.0016362576884599868,174.8678562806939,0.0008490631277073463,2.7809309580768e-16,13.36148304667456,0.0016362576884599868,0,9.130502962243124,0.0005280161838420022,0.0067224040669956716
2148.0703676601634,80.79259849074515,1.0520296986935516,-0.1345674505532811,13.639792561868726,63.73790463194139,0.0015282607932659887,135.21531053126614,0.0007277030903944043,-6.770006837331794e-17,13.639792561868726,0.0015282607932659887,0,9.277740165176057,0.0004979607084523433,0.01397486338180888
2193.388443977786,81.50610904188675,0.8485811051387738,-0.011988227304497672,13.924520733180072,64.30543352353098,0.001430231100420033,91.1132781755515,0.0008576404862791984,2.890210160236523e-16,13.924520733180072,0.001430231100420033,0,9.428351423326452,0.00047043341790196854,0.02340730324911645
2239.66260072557,81.47538147006887,0.9708467436869839,0.19081289532726173,14.208458572817737,64.85633379784117,0.0013462793330863633,36.25661021062001,0.0008515938515690677,-1.566192276222801e-16,14.208458572817737,0.0013462793330863633,0,9.57888793259747,0.0004480001910105863,0.03234209111889591
2286.91300843729,80.18297797999347,1.1855469679342192,-0.002148247705982457,14.500444537831758,65.41826710477851,0.0012627167087367439,-13.028346241893814,0.0006324004469564448,-1.7934898609956334e-16,14.500444537831758,0.0012627167087367439,0,9.733497707089434,0.0004240579207830311,0.03236902073649793
2335.1602631866845,80.12468709265562,0.9264206579018373,-0.12551469029691378,14.802957207656629,65.95274672285713,0.0011818773939376564,-59.51966716571599,0.0006239690946092952,-1.0340781614892149e-16,14.802957207656629,0.0011818773939376564,0,9.894005536234616,0.0003999609429533925,0.032447047614918
2384.4253955651216,80.13425679871528,0.869910131659892,0.11528743651246999,15.105928462417149,66.46097596108768,0.0011134556117868152,-120.53247441875294,0.000625345530345594,-1.8743696887173472e-16,15.105928462417149,0.0011134556117868152,0,10.05725121332926,0.000378172409851351,0.034514893300058073
2434.729879848661,77.62411376646276,1.1449747358430715,0.12688167188473676,15.415117636327246,66.98954634838454,0.0010461760596232662,-178.84987936251986,0.00035083728931782073,-1.4259384253182535e-16,15.415117636327246,0.0010461760596232662,0,10.226909751874448,0.0003547161327859509,0.029818826965294868
2486.0956433585247,76.19124302281081,1.0202039577870767,-0.14102566641219055,15.737362457005144,67.49859667260196,0.000978250152156143,134.7110873515246,0.0002522427383578573,-2.145526825568535e-16,15.737362457005144,0.000978250152156143,0,10.402117785097094,0.0003323103941301295,0.025399887782472506
2538.5450760190356,76.33902613328159,0.8569008094704569,0.048204281258013654,16.065382431973596,67.98116296342823,0.0009170081356336821,79.62408637063788,0.00026097384460369846,-3.531628797498123e-17,16.065382431973596,0.0009170081356336821,0,10.582001027865642,0.0003110198944897366,0.02105891617824517
2592.101040117208,75.20555590416595,1.0850971035077406,0.15133091030273074,16.398092143982396,68.45934274566581,0.0008608893986145115,18.574078922528088,0.0002010249490058161,-1.4002391283308248e-16,16.398092143982396,0.0008608893986145115,0,10.767373675414683,0.00029072320246966446,0.014432974415682505
2646.7868802682347,74.65368808932209,1.053150304606451,-0.11404492885417127,16.740811451355473,68.92655961372121,0.0008060302407555862,-33.41388469611593,0.00017703664842450478,2.358983094283826e-16,16.740811451355473,0.0008060302407555862,0,10.956297527930058,0.0002726895135307753,0.01062634902424129
2702.626433591217,75.59688269514949,0.8763356941678042,0.02918928495201781,17.089619467973847,69.37246716372266,0.0007564538857386042,-94.85472987784635,0.00021997971736440952,8.396735991260005e-17,17.089619467973847,0.0007564538857386042,0,11.150081105817012,0.00025548414555599824,0.0062880490224233795
2759.6440400995743,74.56082720880636,1.0691916191415292,0.12495041576691872,17.443471932626288,69.81766225133667,0.0007109370121122814,-161.46283197521836,0.00017329143221573033,-1.538041869070086e-16,17.443471932626288,0.0007109370121122814,0,11.3482887286805,0.00023993703102231413,0.001216507875015388
2817.864553310664,73.89060918324284,1.0317373169986634,-0.08885334057867969,17.80798855319769,70.25336135836463,0.0006660690068527171,143.61577340315068,0.00014850985994809278,-2.3280998320790133e-16,17.80798855319769,0.0006660690068527171,0,11.55033208733865,0.00022589083684221062,0.0035516965568518403
2877.3133510792195,74.33855586421652,0.907784463378054,0.04455540452880632,18.17957517284512,70.6725449928462,0.0006249839923838773,81.7992522024872,0.00016464553461748518,1.2426411671797292e-16,18.17957517284512,0.0006249839923838773,0,11.756823100314596,0.00021295607360079366,0.007141117424562738
2938.0163466593676,73.57526768665348,1.0723725376981048,0.07502521975551714,18.558101269885782,71.08611722715249,0.000586811879080973,16.577979635741258,0.00013810873229145977,-3.8409367244121825e-16,18.558101269885782,0.000586811879080973,0,11.967677206163659,0.00020096117135077926,0.009198945794548283
3000,73.26972193007778,0.9933754499884101,-0.0593015906883868,18.94587767137056,71.48912144957102,0.0005503842933520915,-45.36905739145601,0.00012872608563343845,-1.521394569800196e-16,18.94587767137056,0.0005503842933520915,0,12.183848548102304,0.0001894046507827382,0.010139617333305245
